report_id,drug_name,reaction_term,serious,sex,age,age_group,report_year,source_mode
ATORVASTATIN-00001,atorvastatin,Myalgia,Yes,Female,24,18-30,2026,cached_demo
ATORVASTATIN-00002,atorvastatin,Myalgia,No,Male,27,18-30,2023,cached_demo
ATORVASTATIN-00003,atorvastatin,Myalgia,No,Male,30,18-30,2026,cached_demo
ATORVASTATIN-00004,atorvastatin,Myalgia,Yes,Unknown,59,46-60,2024,cached_demo
ATORVASTATIN-00005,atorvastatin,Myalgia,No,Unknown,52,46-60,2024,cached_demo
ATORVASTATIN-00006,atorvastatin,Myalgia,No,Unknown,30,18-30,2024,cached_demo
ATORVASTATIN-00007,atorvastatin,Myalgia,Yes,Male,36,31-45,2026,cached_demo
ATORVASTATIN-00008,atorvastatin,Myalgia,Yes,Female,54,46-60,2025,cached_demo
ATORVASTATIN-00009,atorvastatin,Myalgia,Yes,Male,61,61-75,2023,cached_demo
ATORVASTATIN-00010,atorvastatin,Myalgia,No,Male,37,31-45,2023,cached_demo
ATORVASTATIN-00011,atorvastatin,Myalgia,No,Unknown,89,76-90,2026,cached_demo
ATORVASTATIN-00012,atorvastatin,Myalgia,No,Unknown,86,76-90,2022,cached_demo
ATORVASTATIN-00013,atorvastatin,Myalgia,Yes,Male,71,61-75,2022,cached_demo
ATORVASTATIN-00014,atorvastatin,Myalgia,Yes,Female,34,31-45,2024,cached_demo
ATORVASTATIN-00015,atorvastatin,Myalgia,No,Female,57,46-60,2023,cached_demo
ATORVASTATIN-00016,atorvastatin,Myalgia,No,Unknown,74,61-75,2024,cached_demo
ATORVASTATIN-00017,atorvastatin,Myalgia,No,Female,40,31-45,2022,cached_demo
ATORVASTATIN-00018,atorvastatin,Myalgia,Yes,Male,33,31-45,2023,cached_demo
ATORVASTATIN-00019,atorvastatin,Myalgia,Yes,Male,47,46-60,2023,cached_demo
ATORVASTATIN-00020,atorvastatin,Myalgia,Yes,Female,34,31-45,2022,cached_demo
ATORVASTATIN-00021,atorvastatin,Myalgia,Yes,Female,27,18-30,2025,cached_demo
ATORVASTATIN-00022,atorvastatin,Myalgia,Yes,Male,23,18-30,2022,cached_demo
ATORVASTATIN-00023,atorvastatin,Myalgia,No,Male,83,76-90,2025,cached_demo
ATORVASTATIN-00024,atorvastatin,Myalgia,Yes,Male,33,31-45,2022,cached_demo
ATORVASTATIN-00025,atorvastatin,Myalgia,No,Male,56,46-60,2022,cached_demo
ATORVASTATIN-00026,atorvastatin,Myalgia,No,Male,33,31-45,2026,cached_demo
ATORVASTATIN-00027,atorvastatin,Myalgia,Yes,Unknown,43,31-45,2024,cached_demo
ATORVASTATIN-00028,atorvastatin,Myalgia,Yes,Male,21,18-30,2024,cached_demo
ATORVASTATIN-00029,atorvastatin,Myalgia,Yes,Male,62,61-75,2026,cached_demo
ATORVASTATIN-00030,atorvastatin,Myalgia,No,Unknown,48,46-60,2022,cached_demo
ATORVASTATIN-00031,atorvastatin,Myalgia,No,Male,30,18-30,2026,cached_demo
ATORVASTATIN-00032,atorvastatin,Myalgia,No,Male,45,31-45,2024,cached_demo
ATORVASTATIN-00033,atorvastatin,Myalgia,No,Male,39,31-45,2022,cached_demo
ATORVASTATIN-00034,atorvastatin,Myalgia,No,Unknown,45,31-45,2025,cached_demo
ATORVASTATIN-00035,atorvastatin,Myalgia,No,Unknown,64,61-75,2023,cached_demo
ATORVASTATIN-00036,atorvastatin,Myalgia,No,Male,74,61-75,2023,cached_demo
ATORVASTATIN-00037,atorvastatin,Myalgia,Yes,Female,63,61-75,2023,cached_demo
ATORVASTATIN-00038,atorvastatin,Myalgia,Yes,Female,83,76-90,2022,cached_demo
ATORVASTATIN-00039,atorvastatin,Myalgia,Yes,Female,58,46-60,2022,cached_demo
ATORVASTATIN-00040,atorvastatin,Myalgia,Yes,Female,84,76-90,2024,cached_demo
ATORVASTATIN-00041,atorvastatin,Myalgia,No,Unknown,54,46-60,2022,cached_demo
ATORVASTATIN-00042,atorvastatin,Myalgia,Yes,Female,28,18-30,2022,cached_demo
ATORVASTATIN-00043,atorvastatin,Myalgia,Yes,Female,67,61-75,2026,cached_demo
ATORVASTATIN-00044,atorvastatin,Myalgia,No,Female,57,46-60,2023,cached_demo
ATORVASTATIN-00045,atorvastatin,Myalgia,Yes,Female,88,76-90,2025,cached_demo
ATORVASTATIN-00046,atorvastatin,Myalgia,Yes,Female,42,31-45,2024,cached_demo
ATORVASTATIN-00047,atorvastatin,Myalgia,Yes,Unknown,40,31-45,2025,cached_demo
ATORVASTATIN-00048,atorvastatin,Myalgia,Yes,Female,31,31-45,2026,cached_demo
ATORVASTATIN-00049,atorvastatin,Myalgia,Yes,Male,28,18-30,2025,cached_demo
ATORVASTATIN-00050,atorvastatin,Myalgia,No,Unknown,69,61-75,2022,cached_demo
ATORVASTATIN-00051,atorvastatin,Myalgia,Yes,Female,39,31-45,2023,cached_demo
ATORVASTATIN-00052,atorvastatin,Myalgia,Yes,Unknown,61,61-75,2025,cached_demo
ATORVASTATIN-00053,atorvastatin,Myalgia,Yes,Female,33,31-45,2025,cached_demo
ATORVASTATIN-00054,atorvastatin,Myalgia,No,Unknown,53,46-60,2026,cached_demo
ATORVASTATIN-00055,atorvastatin,Myalgia,No,Female,52,46-60,2024,cached_demo
ATORVASTATIN-00056,atorvastatin,Myalgia,No,Unknown,78,76-90,2025,cached_demo
ATORVASTATIN-00057,atorvastatin,Myalgia,No,Female,80,76-90,2023,cached_demo
ATORVASTATIN-00058,atorvastatin,Myalgia,Yes,Male,76,76-90,2024,cached_demo
ATORVASTATIN-00059,atorvastatin,Myalgia,Yes,Male,80,76-90,2023,cached_demo
ATORVASTATIN-00060,atorvastatin,Myalgia,Yes,Unknown,21,18-30,2022,cached_demo
ATORVASTATIN-00061,atorvastatin,Myalgia,Yes,Unknown,26,18-30,2022,cached_demo
ATORVASTATIN-00062,atorvastatin,Myalgia,Yes,Unknown,40,31-45,2024,cached_demo
ATORVASTATIN-00063,atorvastatin,Myalgia,Yes,Unknown,37,31-45,2026,cached_demo
ATORVASTATIN-00064,atorvastatin,Myalgia,Yes,Unknown,30,18-30,2026,cached_demo
ATORVASTATIN-00065,atorvastatin,Myalgia,Yes,Male,81,76-90,2024,cached_demo
ATORVASTATIN-00066,atorvastatin,Myalgia,Yes,Unknown,81,76-90,2024,cached_demo
ATORVASTATIN-00067,atorvastatin,Myalgia,Yes,Unknown,87,76-90,2026,cached_demo
ATORVASTATIN-00068,atorvastatin,Myalgia,Yes,Female,20,18-30,2022,cached_demo
ATORVASTATIN-00069,atorvastatin,Myalgia,Yes,Female,67,61-75,2025,cached_demo
ATORVASTATIN-00070,atorvastatin,Myalgia,Yes,Male,74,61-75,2022,cached_demo
ATORVASTATIN-00071,atorvastatin,Myalgia,No,Unknown,40,31-45,2024,cached_demo
ATORVASTATIN-00072,atorvastatin,Myalgia,Yes,Female,39,31-45,2023,cached_demo
ATORVASTATIN-00073,atorvastatin,Myalgia,No,Female,57,46-60,2025,cached_demo
ATORVASTATIN-00074,atorvastatin,Myalgia,No,Unknown,32,31-45,2025,cached_demo
ATORVASTATIN-00075,atorvastatin,Myalgia,No,Unknown,88,76-90,2026,cached_demo
ATORVASTATIN-00076,atorvastatin,Myalgia,Yes,Unknown,78,76-90,2023,cached_demo
ATORVASTATIN-00077,atorvastatin,Myalgia,Yes,Female,82,76-90,2024,cached_demo
ATORVASTATIN-00078,atorvastatin,Myalgia,No,Female,81,76-90,2026,cached_demo
ATORVASTATIN-00079,atorvastatin,Myalgia,Yes,Female,63,61-75,2022,cached_demo
ATORVASTATIN-00080,atorvastatin,Myalgia,No,Male,21,18-30,2023,cached_demo
ATORVASTATIN-00081,atorvastatin,Myalgia,Yes,Unknown,64,61-75,2026,cached_demo
ATORVASTATIN-00082,atorvastatin,Myalgia,No,Female,21,18-30,2025,cached_demo
ATORVASTATIN-00083,atorvastatin,Myalgia,Yes,Female,30,18-30,2024,cached_demo
ATORVASTATIN-00084,atorvastatin,Myalgia,Yes,Male,70,61-75,2023,cached_demo
ATORVASTATIN-00085,atorvastatin,Myalgia,Yes,Unknown,49,46-60,2024,cached_demo
ATORVASTATIN-00086,atorvastatin,Myalgia,No,Male,28,18-30,2024,cached_demo
ATORVASTATIN-00087,atorvastatin,Myalgia,Yes,Male,32,31-45,2022,cached_demo
ATORVASTATIN-00088,atorvastatin,Myalgia,Yes,Male,86,76-90,2025,cached_demo
ATORVASTATIN-00089,atorvastatin,Myalgia,No,Unknown,72,61-75,2025,cached_demo
ATORVASTATIN-00090,atorvastatin,Myalgia,Yes,Unknown,52,46-60,2025,cached_demo
ATORVASTATIN-00091,atorvastatin,Myalgia,Yes,Female,20,18-30,2026,cached_demo
ATORVASTATIN-00092,atorvastatin,Myalgia,Yes,Unknown,67,61-75,2022,cached_demo
ATORVASTATIN-00093,atorvastatin,Myalgia,Yes,Unknown,80,76-90,2023,cached_demo
ATORVASTATIN-00094,atorvastatin,Myalgia,Yes,Unknown,61,61-75,2024,cached_demo
ATORVASTATIN-00095,atorvastatin,Myalgia,No,Female,39,31-45,2024,cached_demo
ATORVASTATIN-00096,atorvastatin,Myalgia,Yes,Female,73,61-75,2022,cached_demo
ATORVASTATIN-00097,atorvastatin,Myalgia,Yes,Female,86,76-90,2024,cached_demo
ATORVASTATIN-00098,atorvastatin,Myalgia,Yes,Unknown,24,18-30,2025,cached_demo
ATORVASTATIN-00099,atorvastatin,Myalgia,No,Unknown,46,46-60,2022,cached_demo
ATORVASTATIN-00100,atorvastatin,Myalgia,No,Female,30,18-30,2024,cached_demo
ATORVASTATIN-00101,atorvastatin,Myalgia,No,Unknown,26,18-30,2025,cached_demo
ATORVASTATIN-00102,atorvastatin,Myalgia,Yes,Female,72,61-75,2022,cached_demo
ATORVASTATIN-00103,atorvastatin,Myalgia,No,Female,56,46-60,2025,cached_demo
ATORVASTATIN-00104,atorvastatin,Myalgia,Yes,Male,87,76-90,2025,cached_demo
ATORVASTATIN-00105,atorvastatin,Myalgia,Yes,Unknown,69,61-75,2026,cached_demo
ATORVASTATIN-00106,atorvastatin,Myalgia,No,Unknown,76,76-90,2023,cached_demo
ATORVASTATIN-00107,atorvastatin,Myalgia,No,Unknown,20,18-30,2026,cached_demo
ATORVASTATIN-00108,atorvastatin,Myalgia,No,Female,41,31-45,2023,cached_demo
ATORVASTATIN-00109,atorvastatin,Myalgia,Yes,Unknown,77,76-90,2026,cached_demo
ATORVASTATIN-00110,atorvastatin,Myalgia,No,Unknown,73,61-75,2022,cached_demo
ATORVASTATIN-00111,atorvastatin,Myalgia,Yes,Female,84,76-90,2025,cached_demo
ATORVASTATIN-00112,atorvastatin,Myalgia,Yes,Male,36,31-45,2024,cached_demo
ATORVASTATIN-00113,atorvastatin,Myalgia,Yes,Female,73,61-75,2022,cached_demo
ATORVASTATIN-00114,atorvastatin,Myalgia,Yes,Female,44,31-45,2024,cached_demo
ATORVASTATIN-00115,atorvastatin,Myalgia,Yes,Unknown,38,31-45,2026,cached_demo
ATORVASTATIN-00116,atorvastatin,Myalgia,Yes,Male,48,46-60,2022,cached_demo
ATORVASTATIN-00117,atorvastatin,Myalgia,Yes,Male,37,31-45,2023,cached_demo
ATORVASTATIN-00118,atorvastatin,Myalgia,Yes,Female,57,46-60,2026,cached_demo
ATORVASTATIN-00119,atorvastatin,Myalgia,Yes,Unknown,73,61-75,2022,cached_demo
ATORVASTATIN-00120,atorvastatin,Myalgia,Yes,Female,43,31-45,2023,cached_demo
ATORVASTATIN-00121,atorvastatin,Myalgia,Yes,Female,21,18-30,2026,cached_demo
ATORVASTATIN-00122,atorvastatin,Myalgia,No,Male,40,31-45,2025,cached_demo
ATORVASTATIN-00123,atorvastatin,Myalgia,Yes,Male,20,18-30,2024,cached_demo
ATORVASTATIN-00124,atorvastatin,Myalgia,Yes,Female,56,46-60,2024,cached_demo
ATORVASTATIN-00125,atorvastatin,Myalgia,Yes,Unknown,29,18-30,2023,cached_demo
ATORVASTATIN-00126,atorvastatin,Myalgia,Yes,Unknown,48,46-60,2026,cached_demo
ATORVASTATIN-00127,atorvastatin,Myalgia,No,Unknown,33,31-45,2026,cached_demo
ATORVASTATIN-00128,atorvastatin,Myalgia,Yes,Female,85,76-90,2022,cached_demo
ATORVASTATIN-00129,atorvastatin,Myalgia,No,Male,48,46-60,2024,cached_demo
ATORVASTATIN-00130,atorvastatin,Myalgia,No,Unknown,60,46-60,2025,cached_demo
ATORVASTATIN-00131,atorvastatin,Myalgia,Yes,Male,48,46-60,2023,cached_demo
ATORVASTATIN-00132,atorvastatin,Myalgia,Yes,Male,31,31-45,2024,cached_demo
ATORVASTATIN-00133,atorvastatin,Myalgia,Yes,Female,74,61-75,2026,cached_demo
ATORVASTATIN-00134,atorvastatin,Myalgia,Yes,Unknown,25,18-30,2024,cached_demo
ATORVASTATIN-00135,atorvastatin,Myalgia,Yes,Unknown,32,31-45,2025,cached_demo
ATORVASTATIN-00136,atorvastatin,Myalgia,No,Male,78,76-90,2024,cached_demo
ATORVASTATIN-00137,atorvastatin,Myalgia,Yes,Female,36,31-45,2024,cached_demo
ATORVASTATIN-00138,atorvastatin,Myalgia,Yes,Unknown,57,46-60,2026,cached_demo
ATORVASTATIN-00139,atorvastatin,Myalgia,No,Unknown,22,18-30,2022,cached_demo
ATORVASTATIN-00140,atorvastatin,Myalgia,Yes,Unknown,48,46-60,2025,cached_demo
ATORVASTATIN-00141,atorvastatin,Myalgia,No,Unknown,57,46-60,2024,cached_demo
ATORVASTATIN-00142,atorvastatin,Myalgia,No,Male,33,31-45,2025,cached_demo
ATORVASTATIN-00143,atorvastatin,Myalgia,Yes,Female,67,61-75,2024,cached_demo
ATORVASTATIN-00144,atorvastatin,Myalgia,Yes,Male,56,46-60,2024,cached_demo
ATORVASTATIN-00145,atorvastatin,Myalgia,Yes,Female,44,31-45,2024,cached_demo
ATORVASTATIN-00146,atorvastatin,Myalgia,Yes,Female,70,61-75,2022,cached_demo
ATORVASTATIN-00147,atorvastatin,Myalgia,Yes,Unknown,80,76-90,2025,cached_demo
ATORVASTATIN-00148,atorvastatin,Myalgia,No,Female,60,46-60,2022,cached_demo
ATORVASTATIN-00149,atorvastatin,Myalgia,No,Female,38,31-45,2026,cached_demo
ATORVASTATIN-00150,atorvastatin,Myalgia,Yes,Female,26,18-30,2026,cached_demo
ATORVASTATIN-00151,atorvastatin,Myalgia,No,Female,88,76-90,2025,cached_demo
ATORVASTATIN-00152,atorvastatin,Myalgia,Yes,Unknown,21,18-30,2023,cached_demo
ATORVASTATIN-00153,atorvastatin,Myalgia,No,Male,74,61-75,2022,cached_demo
ATORVASTATIN-00154,atorvastatin,Myalgia,Yes,Unknown,69,61-75,2024,cached_demo
ATORVASTATIN-00155,atorvastatin,Myalgia,No,Male,58,46-60,2022,cached_demo
ATORVASTATIN-00156,atorvastatin,Myalgia,Yes,Unknown,38,31-45,2023,cached_demo
ATORVASTATIN-00157,atorvastatin,Myalgia,Yes,Female,70,61-75,2025,cached_demo
ATORVASTATIN-00158,atorvastatin,Myalgia,Yes,Male,35,31-45,2026,cached_demo
ATORVASTATIN-00159,atorvastatin,Myalgia,Yes,Male,59,46-60,2022,cached_demo
ATORVASTATIN-00160,atorvastatin,Myalgia,Yes,Male,71,61-75,2025,cached_demo
ATORVASTATIN-00161,atorvastatin,Arthralgia,No,Male,66,61-75,2022,cached_demo
ATORVASTATIN-00162,atorvastatin,Arthralgia,No,Unknown,20,18-30,2026,cached_demo
ATORVASTATIN-00163,atorvastatin,Arthralgia,Yes,Female,47,46-60,2023,cached_demo
ATORVASTATIN-00164,atorvastatin,Arthralgia,No,Male,51,46-60,2022,cached_demo
ATORVASTATIN-00165,atorvastatin,Arthralgia,No,Female,69,61-75,2026,cached_demo
ATORVASTATIN-00166,atorvastatin,Arthralgia,Yes,Male,51,46-60,2024,cached_demo
ATORVASTATIN-00167,atorvastatin,Arthralgia,No,Male,39,31-45,2022,cached_demo
ATORVASTATIN-00168,atorvastatin,Arthralgia,Yes,Female,85,76-90,2025,cached_demo
ATORVASTATIN-00169,atorvastatin,Arthralgia,Yes,Unknown,33,31-45,2023,cached_demo
ATORVASTATIN-00170,atorvastatin,Arthralgia,Yes,Female,42,31-45,2025,cached_demo
ATORVASTATIN-00171,atorvastatin,Arthralgia,Yes,Female,66,61-75,2023,cached_demo
ATORVASTATIN-00172,atorvastatin,Arthralgia,Yes,Unknown,45,31-45,2023,cached_demo
ATORVASTATIN-00173,atorvastatin,Arthralgia,Yes,Female,71,61-75,2023,cached_demo
ATORVASTATIN-00174,atorvastatin,Arthralgia,Yes,Female,21,18-30,2023,cached_demo
ATORVASTATIN-00175,atorvastatin,Arthralgia,Yes,Female,75,61-75,2026,cached_demo
ATORVASTATIN-00176,atorvastatin,Arthralgia,Yes,Male,76,76-90,2025,cached_demo
ATORVASTATIN-00177,atorvastatin,Arthralgia,Yes,Unknown,35,31-45,2025,cached_demo
ATORVASTATIN-00178,atorvastatin,Arthralgia,No,Female,45,31-45,2025,cached_demo
ATORVASTATIN-00179,atorvastatin,Arthralgia,Yes,Male,50,46-60,2026,cached_demo
ATORVASTATIN-00180,atorvastatin,Arthralgia,Yes,Female,25,18-30,2023,cached_demo
ATORVASTATIN-00181,atorvastatin,Arthralgia,Yes,Unknown,78,76-90,2026,cached_demo
ATORVASTATIN-00182,atorvastatin,Arthralgia,Yes,Female,23,18-30,2026,cached_demo
ATORVASTATIN-00183,atorvastatin,Arthralgia,Yes,Female,66,61-75,2024,cached_demo
ATORVASTATIN-00184,atorvastatin,Arthralgia,No,Male,34,31-45,2026,cached_demo
ATORVASTATIN-00185,atorvastatin,Arthralgia,Yes,Male,40,31-45,2026,cached_demo
ATORVASTATIN-00186,atorvastatin,Arthralgia,Yes,Female,81,76-90,2023,cached_demo
ATORVASTATIN-00187,atorvastatin,Arthralgia,Yes,Unknown,29,18-30,2026,cached_demo
ATORVASTATIN-00188,atorvastatin,Arthralgia,Yes,Female,73,61-75,2022,cached_demo
ATORVASTATIN-00189,atorvastatin,Arthralgia,Yes,Male,58,46-60,2025,cached_demo
ATORVASTATIN-00190,atorvastatin,Arthralgia,No,Female,53,46-60,2025,cached_demo
ATORVASTATIN-00191,atorvastatin,Arthralgia,Yes,Unknown,54,46-60,2024,cached_demo
ATORVASTATIN-00192,atorvastatin,Arthralgia,Yes,Female,84,76-90,2023,cached_demo
ATORVASTATIN-00193,atorvastatin,Arthralgia,No,Female,58,46-60,2023,cached_demo
ATORVASTATIN-00194,atorvastatin,Arthralgia,No,Unknown,89,76-90,2025,cached_demo
ATORVASTATIN-00195,atorvastatin,Arthralgia,Yes,Male,24,18-30,2022,cached_demo
ATORVASTATIN-00196,atorvastatin,Arthralgia,Yes,Male,47,46-60,2025,cached_demo
ATORVASTATIN-00197,atorvastatin,Arthralgia,Yes,Unknown,51,46-60,2025,cached_demo
ATORVASTATIN-00198,atorvastatin,Arthralgia,Yes,Female,73,61-75,2022,cached_demo
ATORVASTATIN-00199,atorvastatin,Arthralgia,Yes,Unknown,74,61-75,2026,cached_demo
ATORVASTATIN-00200,atorvastatin,Arthralgia,Yes,Female,80,76-90,2022,cached_demo
ATORVASTATIN-00201,atorvastatin,Arthralgia,Yes,Female,36,31-45,2022,cached_demo
ATORVASTATIN-00202,atorvastatin,Arthralgia,Yes,Male,44,31-45,2023,cached_demo
ATORVASTATIN-00203,atorvastatin,Arthralgia,Yes,Unknown,83,76-90,2026,cached_demo
ATORVASTATIN-00204,atorvastatin,Arthralgia,No,Male,45,31-45,2026,cached_demo
ATORVASTATIN-00205,atorvastatin,Arthralgia,Yes,Male,41,31-45,2023,cached_demo
ATORVASTATIN-00206,atorvastatin,Arthralgia,No,Male,81,76-90,2024,cached_demo
ATORVASTATIN-00207,atorvastatin,Arthralgia,Yes,Unknown,21,18-30,2022,cached_demo
ATORVASTATIN-00208,atorvastatin,Arthralgia,Yes,Unknown,68,61-75,2022,cached_demo
ATORVASTATIN-00209,atorvastatin,Arthralgia,Yes,Male,59,46-60,2022,cached_demo
ATORVASTATIN-00210,atorvastatin,Arthralgia,No,Unknown,76,76-90,2025,cached_demo
ATORVASTATIN-00211,atorvastatin,Arthralgia,No,Female,76,76-90,2026,cached_demo
ATORVASTATIN-00212,atorvastatin,Arthralgia,Yes,Male,18,18-30,2026,cached_demo
ATORVASTATIN-00213,atorvastatin,Arthralgia,Yes,Unknown,75,61-75,2026,cached_demo
ATORVASTATIN-00214,atorvastatin,Arthralgia,Yes,Male,34,31-45,2024,cached_demo
ATORVASTATIN-00215,atorvastatin,Arthralgia,Yes,Unknown,59,46-60,2022,cached_demo
ATORVASTATIN-00216,atorvastatin,Arthralgia,No,Female,88,76-90,2022,cached_demo
ATORVASTATIN-00217,atorvastatin,Arthralgia,Yes,Male,69,61-75,2023,cached_demo
ATORVASTATIN-00218,atorvastatin,Arthralgia,Yes,Male,69,61-75,2023,cached_demo
ATORVASTATIN-00219,atorvastatin,Arthralgia,Yes,Female,38,31-45,2024,cached_demo
ATORVASTATIN-00220,atorvastatin,Arthralgia,Yes,Female,37,31-45,2025,cached_demo
ATORVASTATIN-00221,atorvastatin,Arthralgia,No,Female,73,61-75,2026,cached_demo
ATORVASTATIN-00222,atorvastatin,Arthralgia,Yes,Unknown,34,31-45,2022,cached_demo
ATORVASTATIN-00223,atorvastatin,Arthralgia,No,Male,65,61-75,2025,cached_demo
ATORVASTATIN-00224,atorvastatin,Arthralgia,Yes,Female,75,61-75,2024,cached_demo
ATORVASTATIN-00225,atorvastatin,Arthralgia,No,Female,90,76-90,2022,cached_demo
ATORVASTATIN-00226,atorvastatin,Arthralgia,Yes,Unknown,72,61-75,2023,cached_demo
ATORVASTATIN-00227,atorvastatin,Arthralgia,No,Female,73,61-75,2022,cached_demo
ATORVASTATIN-00228,atorvastatin,Arthralgia,No,Female,23,18-30,2025,cached_demo
ATORVASTATIN-00229,atorvastatin,Arthralgia,No,Unknown,46,46-60,2023,cached_demo
ATORVASTATIN-00230,atorvastatin,Arthralgia,No,Unknown,81,76-90,2026,cached_demo
ATORVASTATIN-00231,atorvastatin,Headache,Yes,Female,28,18-30,2025,cached_demo
ATORVASTATIN-00232,atorvastatin,Headache,Yes,Female,28,18-30,2023,cached_demo
ATORVASTATIN-00233,atorvastatin,Headache,No,Female,34,31-45,2023,cached_demo
ATORVASTATIN-00234,atorvastatin,Headache,Yes,Female,84,76-90,2026,cached_demo
ATORVASTATIN-00235,atorvastatin,Headache,No,Male,24,18-30,2022,cached_demo
ATORVASTATIN-00236,atorvastatin,Headache,Yes,Unknown,83,76-90,2025,cached_demo
ATORVASTATIN-00237,atorvastatin,Headache,Yes,Female,70,61-75,2026,cached_demo
ATORVASTATIN-00238,atorvastatin,Headache,Yes,Female,50,46-60,2026,cached_demo
ATORVASTATIN-00239,atorvastatin,Headache,No,Male,28,18-30,2022,cached_demo
ATORVASTATIN-00240,atorvastatin,Headache,Yes,Male,77,76-90,2025,cached_demo
ATORVASTATIN-00241,atorvastatin,Headache,Yes,Female,23,18-30,2024,cached_demo
ATORVASTATIN-00242,atorvastatin,Headache,No,Unknown,58,46-60,2025,cached_demo
ATORVASTATIN-00243,atorvastatin,Headache,No,Female,75,61-75,2024,cached_demo
ATORVASTATIN-00244,atorvastatin,Headache,Yes,Male,41,31-45,2022,cached_demo
ATORVASTATIN-00245,atorvastatin,Headache,No,Male,51,46-60,2025,cached_demo
ATORVASTATIN-00246,atorvastatin,Headache,Yes,Male,86,76-90,2025,cached_demo
ATORVASTATIN-00247,atorvastatin,Headache,Yes,Male,32,31-45,2025,cached_demo
ATORVASTATIN-00248,atorvastatin,Headache,No,Female,76,76-90,2026,cached_demo
ATORVASTATIN-00249,atorvastatin,Headache,Yes,Unknown,80,76-90,2026,cached_demo
ATORVASTATIN-00250,atorvastatin,Headache,No,Unknown,64,61-75,2025,cached_demo
ATORVASTATIN-00251,atorvastatin,Headache,Yes,Male,56,46-60,2023,cached_demo
ATORVASTATIN-00252,atorvastatin,Headache,Yes,Male,19,18-30,2022,cached_demo
ATORVASTATIN-00253,atorvastatin,Headache,Yes,Male,42,31-45,2025,cached_demo
ATORVASTATIN-00254,atorvastatin,Headache,No,Male,36,31-45,2025,cached_demo
ATORVASTATIN-00255,atorvastatin,Headache,Yes,Male,86,76-90,2024,cached_demo
ATORVASTATIN-00256,atorvastatin,Headache,Yes,Female,77,76-90,2025,cached_demo
ATORVASTATIN-00257,atorvastatin,Headache,Yes,Male,20,18-30,2023,cached_demo
ATORVASTATIN-00258,atorvastatin,Headache,Yes,Female,74,61-75,2022,cached_demo
ATORVASTATIN-00259,atorvastatin,Headache,No,Male,75,61-75,2023,cached_demo
ATORVASTATIN-00260,atorvastatin,Headache,No,Female,55,46-60,2022,cached_demo
ATORVASTATIN-00261,atorvastatin,Headache,Yes,Male,60,46-60,2025,cached_demo
ATORVASTATIN-00262,atorvastatin,Headache,Yes,Unknown,71,61-75,2026,cached_demo
ATORVASTATIN-00263,atorvastatin,Headache,Yes,Male,88,76-90,2025,cached_demo
ATORVASTATIN-00264,atorvastatin,Headache,Yes,Unknown,69,61-75,2026,cached_demo
ATORVASTATIN-00265,atorvastatin,Headache,Yes,Unknown,80,76-90,2022,cached_demo
ATORVASTATIN-00266,atorvastatin,Headache,Yes,Female,85,76-90,2026,cached_demo
ATORVASTATIN-00267,atorvastatin,Headache,No,Male,58,46-60,2024,cached_demo
ATORVASTATIN-00268,atorvastatin,Headache,Yes,Male,71,61-75,2025,cached_demo
ATORVASTATIN-00269,atorvastatin,Headache,Yes,Unknown,62,61-75,2025,cached_demo
ATORVASTATIN-00270,atorvastatin,Headache,Yes,Female,20,18-30,2023,cached_demo
ATORVASTATIN-00271,atorvastatin,Headache,Yes,Female,78,76-90,2023,cached_demo
ATORVASTATIN-00272,atorvastatin,Headache,Yes,Unknown,82,76-90,2024,cached_demo
ATORVASTATIN-00273,atorvastatin,Headache,Yes,Female,77,76-90,2025,cached_demo
ATORVASTATIN-00274,atorvastatin,Headache,No,Unknown,71,61-75,2024,cached_demo
ATORVASTATIN-00275,atorvastatin,Headache,Yes,Unknown,78,76-90,2023,cached_demo
ATORVASTATIN-00276,atorvastatin,Headache,No,Unknown,54,46-60,2022,cached_demo
ATORVASTATIN-00277,atorvastatin,Headache,Yes,Male,79,76-90,2023,cached_demo
ATORVASTATIN-00278,atorvastatin,Headache,No,Female,38,31-45,2022,cached_demo
ATORVASTATIN-00279,atorvastatin,Headache,Yes,Female,71,61-75,2023,cached_demo
ATORVASTATIN-00280,atorvastatin,Headache,No,Male,44,31-45,2022,cached_demo
ATORVASTATIN-00281,atorvastatin,Headache,Yes,Female,63,61-75,2023,cached_demo
ATORVASTATIN-00282,atorvastatin,Headache,No,Male,40,31-45,2022,cached_demo
ATORVASTATIN-00283,atorvastatin,Headache,Yes,Male,61,61-75,2026,cached_demo
ATORVASTATIN-00284,atorvastatin,Headache,Yes,Unknown,47,46-60,2023,cached_demo
ATORVASTATIN-00285,atorvastatin,Headache,Yes,Female,80,76-90,2024,cached_demo
ATORVASTATIN-00286,atorvastatin,Nausea,No,Female,23,18-30,2023,cached_demo
ATORVASTATIN-00287,atorvastatin,Nausea,No,Unknown,83,76-90,2022,cached_demo
ATORVASTATIN-00288,atorvastatin,Nausea,Yes,Female,24,18-30,2022,cached_demo
ATORVASTATIN-00289,atorvastatin,Nausea,No,Unknown,31,31-45,2022,cached_demo
ATORVASTATIN-00290,atorvastatin,Nausea,Yes,Unknown,89,76-90,2022,cached_demo
ATORVASTATIN-00291,atorvastatin,Nausea,No,Male,39,31-45,2023,cached_demo
ATORVASTATIN-00292,atorvastatin,Nausea,Yes,Unknown,64,61-75,2024,cached_demo
ATORVASTATIN-00293,atorvastatin,Nausea,No,Female,74,61-75,2022,cached_demo
ATORVASTATIN-00294,atorvastatin,Nausea,No,Female,37,31-45,2024,cached_demo
ATORVASTATIN-00295,atorvastatin,Nausea,Yes,Male,35,31-45,2025,cached_demo
ATORVASTATIN-00296,atorvastatin,Nausea,Yes,Male,71,61-75,2025,cached_demo
ATORVASTATIN-00297,atorvastatin,Nausea,Yes,Unknown,61,61-75,2023,cached_demo
ATORVASTATIN-00298,atorvastatin,Nausea,Yes,Female,28,18-30,2025,cached_demo
ATORVASTATIN-00299,atorvastatin,Nausea,No,Unknown,64,61-75,2023,cached_demo
ATORVASTATIN-00300,atorvastatin,Nausea,No,Female,37,31-45,2023,cached_demo
ATORVASTATIN-00301,atorvastatin,Nausea,Yes,Female,35,31-45,2025,cached_demo
ATORVASTATIN-00302,atorvastatin,Nausea,No,Unknown,76,76-90,2024,cached_demo
ATORVASTATIN-00303,atorvastatin,Nausea,Yes,Male,21,18-30,2022,cached_demo
ATORVASTATIN-00304,atorvastatin,Nausea,Yes,Male,84,76-90,2024,cached_demo
ATORVASTATIN-00305,atorvastatin,Nausea,Yes,Male,58,46-60,2025,cached_demo
ATORVASTATIN-00306,atorvastatin,Nausea,Yes,Male,25,18-30,2023,cached_demo
ATORVASTATIN-00307,atorvastatin,Nausea,No,Unknown,25,18-30,2026,cached_demo
ATORVASTATIN-00308,atorvastatin,Nausea,Yes,Female,55,46-60,2026,cached_demo
ATORVASTATIN-00309,atorvastatin,Nausea,No,Unknown,56,46-60,2024,cached_demo
ATORVASTATIN-00310,atorvastatin,Nausea,Yes,Female,62,61-75,2026,cached_demo
ATORVASTATIN-00311,atorvastatin,Nausea,No,Female,36,31-45,2025,cached_demo
ATORVASTATIN-00312,atorvastatin,Nausea,No,Unknown,44,31-45,2026,cached_demo
ATORVASTATIN-00313,atorvastatin,Nausea,No,Female,74,61-75,2025,cached_demo
ATORVASTATIN-00314,atorvastatin,Nausea,Yes,Male,43,31-45,2022,cached_demo
ATORVASTATIN-00315,atorvastatin,Nausea,Yes,Female,86,76-90,2023,cached_demo
ATORVASTATIN-00316,atorvastatin,Nausea,No,Female,84,76-90,2023,cached_demo
ATORVASTATIN-00317,atorvastatin,Nausea,No,Unknown,29,18-30,2024,cached_demo
ATORVASTATIN-00318,atorvastatin,Nausea,Yes,Unknown,84,76-90,2023,cached_demo
ATORVASTATIN-00319,atorvastatin,Nausea,Yes,Unknown,20,18-30,2026,cached_demo
ATORVASTATIN-00320,atorvastatin,Nausea,Yes,Female,51,46-60,2025,cached_demo
ATORVASTATIN-00321,atorvastatin,Nausea,Yes,Unknown,82,76-90,2022,cached_demo
ATORVASTATIN-00322,atorvastatin,Nausea,Yes,Unknown,65,61-75,2026,cached_demo
ATORVASTATIN-00323,atorvastatin,Nausea,Yes,Male,63,61-75,2022,cached_demo
ATORVASTATIN-00324,atorvastatin,Nausea,Yes,Unknown,75,61-75,2022,cached_demo
ATORVASTATIN-00325,atorvastatin,Nausea,Yes,Male,76,76-90,2026,cached_demo
ATORVASTATIN-00326,atorvastatin,Nausea,No,Unknown,90,76-90,2026,cached_demo
ATORVASTATIN-00327,atorvastatin,Nausea,Yes,Female,47,46-60,2024,cached_demo
ATORVASTATIN-00328,atorvastatin,Nausea,No,Female,35,31-45,2026,cached_demo
ATORVASTATIN-00329,atorvastatin,Nausea,Yes,Female,49,46-60,2026,cached_demo
ATORVASTATIN-00330,atorvastatin,Nausea,Yes,Female,42,31-45,2022,cached_demo
ATORVASTATIN-00331,atorvastatin,Nausea,No,Female,36,31-45,2025,cached_demo
ATORVASTATIN-00332,atorvastatin,Nausea,Yes,Male,28,18-30,2025,cached_demo
ATORVASTATIN-00333,atorvastatin,Nausea,Yes,Male,34,31-45,2025,cached_demo
ATORVASTATIN-00334,atorvastatin,Nausea,Yes,Unknown,27,18-30,2026,cached_demo
ATORVASTATIN-00335,atorvastatin,Nausea,No,Unknown,69,61-75,2026,cached_demo
ATORVASTATIN-00336,atorvastatin,Nausea,Yes,Unknown,68,61-75,2025,cached_demo
ATORVASTATIN-00337,atorvastatin,Nausea,Yes,Unknown,72,61-75,2025,cached_demo
ATORVASTATIN-00338,atorvastatin,Nausea,Yes,Male,71,61-75,2026,cached_demo
ATORVASTATIN-00339,atorvastatin,Nausea,Yes,Unknown,34,31-45,2025,cached_demo
ATORVASTATIN-00340,atorvastatin,Nausea,No,Unknown,34,31-45,2026,cached_demo
ATORVASTATIN-00341,atorvastatin,Nausea,No,Male,33,31-45,2025,cached_demo
ATORVASTATIN-00342,atorvastatin,Nausea,Yes,Unknown,78,76-90,2023,cached_demo
ATORVASTATIN-00343,atorvastatin,Nausea,Yes,Male,89,76-90,2026,cached_demo
ATORVASTATIN-00344,atorvastatin,Nausea,Yes,Male,70,61-75,2024,cached_demo
ATORVASTATIN-00345,atorvastatin,Nausea,Yes,Unknown,55,46-60,2023,cached_demo
ATORVASTATIN-00346,atorvastatin,Fatigue,Yes,Female,33,31-45,2024,cached_demo
ATORVASTATIN-00347,atorvastatin,Fatigue,Yes,Female,56,46-60,2022,cached_demo
ATORVASTATIN-00348,atorvastatin,Fatigue,Yes,Unknown,36,31-45,2025,cached_demo
ATORVASTATIN-00349,atorvastatin,Fatigue,Yes,Female,24,18-30,2023,cached_demo
ATORVASTATIN-00350,atorvastatin,Fatigue,No,Female,41,31-45,2022,cached_demo
ATORVASTATIN-00351,atorvastatin,Fatigue,No,Female,33,31-45,2022,cached_demo
ATORVASTATIN-00352,atorvastatin,Fatigue,Yes,Female,23,18-30,2026,cached_demo
ATORVASTATIN-00353,atorvastatin,Fatigue,No,Female,57,46-60,2024,cached_demo
ATORVASTATIN-00354,atorvastatin,Fatigue,Yes,Unknown,66,61-75,2026,cached_demo
ATORVASTATIN-00355,atorvastatin,Fatigue,Yes,Unknown,34,31-45,2025,cached_demo
ATORVASTATIN-00356,atorvastatin,Fatigue,No,Female,75,61-75,2023,cached_demo
ATORVASTATIN-00357,atorvastatin,Fatigue,Yes,Unknown,59,46-60,2026,cached_demo
ATORVASTATIN-00358,atorvastatin,Fatigue,Yes,Male,70,61-75,2025,cached_demo
ATORVASTATIN-00359,atorvastatin,Fatigue,No,Male,61,61-75,2025,cached_demo
ATORVASTATIN-00360,atorvastatin,Fatigue,No,Male,53,46-60,2023,cached_demo
ATORVASTATIN-00361,atorvastatin,Fatigue,No,Unknown,21,18-30,2024,cached_demo
ATORVASTATIN-00362,atorvastatin,Fatigue,No,Male,89,76-90,2026,cached_demo
ATORVASTATIN-00363,atorvastatin,Fatigue,Yes,Unknown,28,18-30,2026,cached_demo
ATORVASTATIN-00364,atorvastatin,Fatigue,No,Unknown,24,18-30,2023,cached_demo
ATORVASTATIN-00365,atorvastatin,Fatigue,No,Male,78,76-90,2022,cached_demo
ATORVASTATIN-00366,atorvastatin,Fatigue,Yes,Male,86,76-90,2024,cached_demo
ATORVASTATIN-00367,atorvastatin,Fatigue,Yes,Unknown,44,31-45,2026,cached_demo
ATORVASTATIN-00368,atorvastatin,Fatigue,Yes,Unknown,74,61-75,2026,cached_demo
ATORVASTATIN-00369,atorvastatin,Fatigue,Yes,Unknown,59,46-60,2022,cached_demo
ATORVASTATIN-00370,atorvastatin,Fatigue,Yes,Female,80,76-90,2025,cached_demo
ATORVASTATIN-00371,atorvastatin,Fatigue,Yes,Male,41,31-45,2026,cached_demo
ATORVASTATIN-00372,atorvastatin,Fatigue,Yes,Female,58,46-60,2022,cached_demo
ATORVASTATIN-00373,atorvastatin,Fatigue,Yes,Unknown,32,31-45,2023,cached_demo
ATORVASTATIN-00374,atorvastatin,Fatigue,Yes,Male,54,46-60,2024,cached_demo
ATORVASTATIN-00375,atorvastatin,Fatigue,Yes,Female,29,18-30,2025,cached_demo
ATORVASTATIN-00376,atorvastatin,Fatigue,Yes,Unknown,39,31-45,2024,cached_demo
ATORVASTATIN-00377,atorvastatin,Fatigue,Yes,Unknown,41,31-45,2022,cached_demo
ATORVASTATIN-00378,atorvastatin,Fatigue,Yes,Male,56,46-60,2024,cached_demo
ATORVASTATIN-00379,atorvastatin,Fatigue,Yes,Female,36,31-45,2024,cached_demo
ATORVASTATIN-00380,atorvastatin,Fatigue,Yes,Male,66,61-75,2023,cached_demo
ATORVASTATIN-00381,atorvastatin,Fatigue,No,Unknown,48,46-60,2023,cached_demo
ATORVASTATIN-00382,atorvastatin,Fatigue,No,Unknown,81,76-90,2025,cached_demo
ATORVASTATIN-00383,atorvastatin,Fatigue,Yes,Male,32,31-45,2024,cached_demo
ATORVASTATIN-00384,atorvastatin,Fatigue,No,Female,77,76-90,2022,cached_demo
ATORVASTATIN-00385,atorvastatin,Fatigue,Yes,Female,79,76-90,2023,cached_demo
ATORVASTATIN-00386,atorvastatin,Fatigue,Yes,Unknown,20,18-30,2026,cached_demo
ATORVASTATIN-00387,atorvastatin,Fatigue,Yes,Unknown,30,18-30,2023,cached_demo
ATORVASTATIN-00388,atorvastatin,Fatigue,No,Female,56,46-60,2025,cached_demo
ATORVASTATIN-00389,atorvastatin,Fatigue,No,Unknown,28,18-30,2023,cached_demo
ATORVASTATIN-00390,atorvastatin,Fatigue,Yes,Unknown,36,31-45,2023,cached_demo
ATORVASTATIN-00391,atorvastatin,Hepatic enzyme increased,No,Female,49,46-60,2026,cached_demo
ATORVASTATIN-00392,atorvastatin,Hepatic enzyme increased,Yes,Male,75,61-75,2025,cached_demo
ATORVASTATIN-00393,atorvastatin,Hepatic enzyme increased,No,Male,55,46-60,2022,cached_demo
ATORVASTATIN-00394,atorvastatin,Hepatic enzyme increased,Yes,Female,25,18-30,2026,cached_demo
ATORVASTATIN-00395,atorvastatin,Hepatic enzyme increased,No,Female,50,46-60,2024,cached_demo
ATORVASTATIN-00396,atorvastatin,Hepatic enzyme increased,No,Unknown,45,31-45,2024,cached_demo
ATORVASTATIN-00397,atorvastatin,Hepatic enzyme increased,Yes,Unknown,23,18-30,2026,cached_demo
ATORVASTATIN-00398,atorvastatin,Hepatic enzyme increased,Yes,Female,90,76-90,2022,cached_demo
ATORVASTATIN-00399,atorvastatin,Hepatic enzyme increased,No,Male,68,61-75,2023,cached_demo
ATORVASTATIN-00400,atorvastatin,Hepatic enzyme increased,Yes,Female,89,76-90,2023,cached_demo
ATORVASTATIN-00401,atorvastatin,Hepatic enzyme increased,Yes,Unknown,82,76-90,2024,cached_demo
ATORVASTATIN-00402,atorvastatin,Hepatic enzyme increased,No,Female,51,46-60,2024,cached_demo
ATORVASTATIN-00403,atorvastatin,Hepatic enzyme increased,No,Female,49,46-60,2024,cached_demo
ATORVASTATIN-00404,atorvastatin,Hepatic enzyme increased,Yes,Unknown,44,31-45,2024,cached_demo
ATORVASTATIN-00405,atorvastatin,Hepatic enzyme increased,No,Male,20,18-30,2022,cached_demo
ATORVASTATIN-00406,atorvastatin,Hepatic enzyme increased,Yes,Male,78,76-90,2023,cached_demo
ATORVASTATIN-00407,atorvastatin,Hepatic enzyme increased,No,Unknown,70,61-75,2025,cached_demo
ATORVASTATIN-00408,atorvastatin,Hepatic enzyme increased,No,Male,68,61-75,2022,cached_demo
ATORVASTATIN-00409,atorvastatin,Hepatic enzyme increased,Yes,Unknown,86,76-90,2025,cached_demo
ATORVASTATIN-00410,atorvastatin,Hepatic enzyme increased,Yes,Female,33,31-45,2026,cached_demo
ATORVASTATIN-00411,atorvastatin,Diabetes mellitus,Yes,Male,63,61-75,2022,cached_demo
ATORVASTATIN-00412,atorvastatin,Diabetes mellitus,Yes,Female,33,31-45,2023,cached_demo
ATORVASTATIN-00413,atorvastatin,Diabetes mellitus,Yes,Male,74,61-75,2022,cached_demo
ATORVASTATIN-00414,atorvastatin,Diabetes mellitus,No,Unknown,53,46-60,2024,cached_demo
ATORVASTATIN-00415,atorvastatin,Diabetes mellitus,Yes,Unknown,42,31-45,2024,cached_demo
ATORVASTATIN-00416,atorvastatin,Diabetes mellitus,Yes,Female,46,46-60,2024,cached_demo
ATORVASTATIN-00417,atorvastatin,Diabetes mellitus,Yes,Female,22,18-30,2026,cached_demo
ATORVASTATIN-00418,atorvastatin,Diabetes mellitus,Yes,Male,44,31-45,2025,cached_demo
ATORVASTATIN-00419,atorvastatin,Diabetes mellitus,Yes,Unknown,32,31-45,2026,cached_demo
ATORVASTATIN-00420,atorvastatin,Diabetes mellitus,Yes,Unknown,81,76-90,2023,cached_demo
ATORVASTATIN-00421,atorvastatin,Diabetes mellitus,No,Unknown,90,76-90,2026,cached_demo
ATORVASTATIN-00422,atorvastatin,Diabetes mellitus,Yes,Male,90,76-90,2026,cached_demo
ATORVASTATIN-00423,atorvastatin,Diabetes mellitus,No,Male,34,31-45,2023,cached_demo
ATORVASTATIN-00424,atorvastatin,Diabetes mellitus,No,Male,51,46-60,2026,cached_demo
ATORVASTATIN-00425,atorvastatin,Diabetes mellitus,Yes,Unknown,53,46-60,2022,cached_demo
ATORVASTATIN-00426,atorvastatin,Rhabdomyolysis,No,Female,86,76-90,2026,cached_demo
ATORVASTATIN-00427,atorvastatin,Rhabdomyolysis,Yes,Female,76,76-90,2022,cached_demo
ATORVASTATIN-00428,atorvastatin,Rhabdomyolysis,Yes,Female,59,46-60,2024,cached_demo
ATORVASTATIN-00429,atorvastatin,Rhabdomyolysis,No,Unknown,33,31-45,2025,cached_demo
ATORVASTATIN-00430,atorvastatin,Rhabdomyolysis,Yes,Unknown,81,76-90,2022,cached_demo
ATORVASTATIN-00431,atorvastatin,Other/unspecified,Yes,Female,46,46-60,2025,cached_demo
ATORVASTATIN-00432,atorvastatin,Other/unspecified,No,Female,86,76-90,2022,cached_demo
ATORVASTATIN-00433,atorvastatin,Other/unspecified,Yes,Female,68,61-75,2022,cached_demo
ATORVASTATIN-00434,atorvastatin,Other/unspecified,No,Male,21,18-30,2025,cached_demo
ATORVASTATIN-00435,atorvastatin,Other/unspecified,Yes,Male,27,18-30,2023,cached_demo
ATORVASTATIN-00436,atorvastatin,Other/unspecified,No,Male,60,46-60,2022,cached_demo
ATORVASTATIN-00437,atorvastatin,Other/unspecified,No,Female,21,18-30,2022,cached_demo
ATORVASTATIN-00438,atorvastatin,Other/unspecified,No,Male,60,46-60,2022,cached_demo
ATORVASTATIN-00439,atorvastatin,Other/unspecified,Yes,Female,78,76-90,2022,cached_demo
ATORVASTATIN-00440,atorvastatin,Other/unspecified,No,Male,60,46-60,2022,cached_demo
ATORVASTATIN-00441,atorvastatin,Other/unspecified,Yes,Unknown,74,61-75,2025,cached_demo
ATORVASTATIN-00442,atorvastatin,Other/unspecified,Yes,Male,33,31-45,2022,cached_demo
ATORVASTATIN-00443,atorvastatin,Other/unspecified,No,Unknown,66,61-75,2022,cached_demo
ATORVASTATIN-00444,atorvastatin,Other/unspecified,Yes,Female,34,31-45,2022,cached_demo
ATORVASTATIN-00445,atorvastatin,Other/unspecified,No,Unknown,56,46-60,2025,cached_demo
ATORVASTATIN-00446,atorvastatin,Other/unspecified,Yes,Unknown,26,18-30,2022,cached_demo
ATORVASTATIN-00447,atorvastatin,Other/unspecified,Yes,Female,89,76-90,2025,cached_demo
ATORVASTATIN-00448,atorvastatin,Other/unspecified,Yes,Unknown,69,61-75,2025,cached_demo
ATORVASTATIN-00449,atorvastatin,Other/unspecified,No,Unknown,47,46-60,2026,cached_demo
ATORVASTATIN-00450,atorvastatin,Other/unspecified,No,Female,19,18-30,2025,cached_demo
ATORVASTATIN-00451,atorvastatin,Other/unspecified,No,Unknown,72,61-75,2022,cached_demo
ATORVASTATIN-00452,atorvastatin,Other/unspecified,No,Unknown,61,61-75,2022,cached_demo
ATORVASTATIN-00453,atorvastatin,Other/unspecified,No,Female,76,76-90,2026,cached_demo
ATORVASTATIN-00454,atorvastatin,Other/unspecified,Yes,Male,42,31-45,2022,cached_demo
ATORVASTATIN-00455,atorvastatin,Other/unspecified,No,Male,26,18-30,2026,cached_demo
ATORVASTATIN-00456,atorvastatin,Other/unspecified,No,Unknown,34,31-45,2024,cached_demo
ATORVASTATIN-00457,atorvastatin,Other/unspecified,No,Female,63,61-75,2026,cached_demo
ATORVASTATIN-00458,atorvastatin,Other/unspecified,Yes,Male,74,61-75,2023,cached_demo
ATORVASTATIN-00459,atorvastatin,Other/unspecified,Yes,Male,23,18-30,2024,cached_demo
ATORVASTATIN-00460,atorvastatin,Other/unspecified,No,Unknown,73,61-75,2024,cached_demo
ATORVASTATIN-00461,atorvastatin,Other/unspecified,No,Unknown,57,46-60,2023,cached_demo
ATORVASTATIN-00462,atorvastatin,Other/unspecified,No,Female,36,31-45,2026,cached_demo
ATORVASTATIN-00463,atorvastatin,Other/unspecified,No,Female,61,61-75,2022,cached_demo
ATORVASTATIN-00464,atorvastatin,Other/unspecified,No,Unknown,84,76-90,2023,cached_demo
ATORVASTATIN-00465,atorvastatin,Other/unspecified,Yes,Unknown,25,18-30,2026,cached_demo
ATORVASTATIN-00466,atorvastatin,Other/unspecified,No,Female,24,18-30,2023,cached_demo
ATORVASTATIN-00467,atorvastatin,Other/unspecified,No,Male,43,31-45,2022,cached_demo
ATORVASTATIN-00468,atorvastatin,Other/unspecified,Yes,Unknown,61,61-75,2025,cached_demo
ATORVASTATIN-00469,atorvastatin,Other/unspecified,No,Unknown,77,76-90,2024,cached_demo
ATORVASTATIN-00470,atorvastatin,Other/unspecified,No,Unknown,90,76-90,2024,cached_demo
ATORVASTATIN-00471,atorvastatin,Other/unspecified,No,Male,71,61-75,2022,cached_demo
ATORVASTATIN-00472,atorvastatin,Other/unspecified,Yes,Female,76,76-90,2023,cached_demo
ATORVASTATIN-00473,atorvastatin,Other/unspecified,No,Male,18,18-30,2023,cached_demo
ATORVASTATIN-00474,atorvastatin,Other/unspecified,No,Male,77,76-90,2023,cached_demo
ATORVASTATIN-00475,atorvastatin,Other/unspecified,No,Female,79,76-90,2025,cached_demo
ATORVASTATIN-00476,atorvastatin,Other/unspecified,No,Male,44,31-45,2022,cached_demo
ATORVASTATIN-00477,atorvastatin,Other/unspecified,Yes,Male,64,61-75,2024,cached_demo
ATORVASTATIN-00478,atorvastatin,Other/unspecified,No,Male,21,18-30,2023,cached_demo
ATORVASTATIN-00479,atorvastatin,Other/unspecified,No,Male,55,46-60,2026,cached_demo
ATORVASTATIN-00480,atorvastatin,Other/unspecified,Yes,Male,64,61-75,2023,cached_demo
ATORVASTATIN-00481,atorvastatin,Other/unspecified,No,Male,43,31-45,2023,cached_demo
ATORVASTATIN-00482,atorvastatin,Other/unspecified,No,Male,51,46-60,2024,cached_demo
ATORVASTATIN-00483,atorvastatin,Other/unspecified,Yes,Male,88,76-90,2023,cached_demo
ATORVASTATIN-00484,atorvastatin,Other/unspecified,Yes,Female,20,18-30,2022,cached_demo
ATORVASTATIN-00485,atorvastatin,Other/unspecified,No,Male,20,18-30,2025,cached_demo
ATORVASTATIN-00486,atorvastatin,Other/unspecified,No,Male,32,31-45,2024,cached_demo
ATORVASTATIN-00487,atorvastatin,Other/unspecified,Yes,Female,76,76-90,2024,cached_demo
ATORVASTATIN-00488,atorvastatin,Other/unspecified,No,Unknown,39,31-45,2025,cached_demo
ATORVASTATIN-00489,atorvastatin,Other/unspecified,Yes,Male,26,18-30,2023,cached_demo
ATORVASTATIN-00490,atorvastatin,Other/unspecified,Yes,Unknown,42,31-45,2025,cached_demo
ATORVASTATIN-00491,atorvastatin,Other/unspecified,No,Unknown,65,61-75,2025,cached_demo
ATORVASTATIN-00492,atorvastatin,Other/unspecified,Yes,Unknown,49,46-60,2026,cached_demo
ATORVASTATIN-00493,atorvastatin,Other/unspecified,No,Female,42,31-45,2023,cached_demo
ATORVASTATIN-00494,atorvastatin,Other/unspecified,Yes,Male,59,46-60,2024,cached_demo
ATORVASTATIN-00495,atorvastatin,Other/unspecified,No,Unknown,34,31-45,2025,cached_demo
ATORVASTATIN-00496,atorvastatin,Other/unspecified,No,Male,44,31-45,2025,cached_demo
ATORVASTATIN-00497,atorvastatin,Other/unspecified,Yes,Unknown,26,18-30,2025,cached_demo
ATORVASTATIN-00498,atorvastatin,Other/unspecified,No,Female,83,76-90,2026,cached_demo
ATORVASTATIN-00499,atorvastatin,Other/unspecified,Yes,Female,77,76-90,2024,cached_demo
ATORVASTATIN-00500,atorvastatin,Other/unspecified,No,Female,85,76-90,2025,cached_demo
ATORVASTATIN-00501,atorvastatin,Other/unspecified,No,Unknown,78,76-90,2025,cached_demo
ATORVASTATIN-00502,atorvastatin,Other/unspecified,Yes,Male,22,18-30,2023,cached_demo
ATORVASTATIN-00503,atorvastatin,Other/unspecified,Yes,Female,75,61-75,2023,cached_demo
ATORVASTATIN-00504,atorvastatin,Other/unspecified,No,Female,57,46-60,2026,cached_demo
ATORVASTATIN-00505,atorvastatin,Other/unspecified,No,Female,38,31-45,2026,cached_demo
ATORVASTATIN-00506,atorvastatin,Other/unspecified,Yes,Male,28,18-30,2024,cached_demo
ATORVASTATIN-00507,atorvastatin,Other/unspecified,No,Female,74,61-75,2023,cached_demo
ATORVASTATIN-00508,atorvastatin,Other/unspecified,No,Unknown,23,18-30,2026,cached_demo
ATORVASTATIN-00509,atorvastatin,Other/unspecified,No,Female,61,61-75,2025,cached_demo
ATORVASTATIN-00510,atorvastatin,Other/unspecified,No,Female,73,61-75,2025,cached_demo
ATORVASTATIN-00511,atorvastatin,Other/unspecified,No,Female,58,46-60,2022,cached_demo
ATORVASTATIN-00512,atorvastatin,Other/unspecified,No,Male,40,31-45,2024,cached_demo
ATORVASTATIN-00513,atorvastatin,Other/unspecified,No,Male,27,18-30,2024,cached_demo
ATORVASTATIN-00514,atorvastatin,Other/unspecified,No,Unknown,82,76-90,2022,cached_demo
ATORVASTATIN-00515,atorvastatin,Other/unspecified,Yes,Male,53,46-60,2022,cached_demo
ATORVASTATIN-00516,atorvastatin,Other/unspecified,No,Male,27,18-30,2026,cached_demo
ATORVASTATIN-00517,atorvastatin,Other/unspecified,No,Male,43,31-45,2024,cached_demo
ATORVASTATIN-00518,atorvastatin,Other/unspecified,No,Unknown,50,46-60,2024,cached_demo
ATORVASTATIN-00519,atorvastatin,Other/unspecified,No,Unknown,42,31-45,2023,cached_demo
ATORVASTATIN-00520,atorvastatin,Other/unspecified,No,Male,87,76-90,2024,cached_demo
ATORVASTATIN-00521,atorvastatin,Other/unspecified,No,Female,54,46-60,2025,cached_demo
ATORVASTATIN-00522,atorvastatin,Other/unspecified,No,Unknown,19,18-30,2026,cached_demo
ATORVASTATIN-00523,atorvastatin,Other/unspecified,No,Male,37,31-45,2023,cached_demo
ATORVASTATIN-00524,atorvastatin,Other/unspecified,No,Male,44,31-45,2026,cached_demo
ATORVASTATIN-00525,atorvastatin,Other/unspecified,No,Unknown,88,76-90,2025,cached_demo
ATORVASTATIN-00526,atorvastatin,Other/unspecified,Yes,Female,61,61-75,2023,cached_demo
ATORVASTATIN-00527,atorvastatin,Other/unspecified,No,Female,72,61-75,2023,cached_demo
ATORVASTATIN-00528,atorvastatin,Other/unspecified,No,Unknown,74,61-75,2022,cached_demo
ATORVASTATIN-00529,atorvastatin,Other/unspecified,Yes,Unknown,65,61-75,2023,cached_demo
ATORVASTATIN-00530,atorvastatin,Other/unspecified,No,Male,57,46-60,2025,cached_demo
ATORVASTATIN-00531,atorvastatin,Other/unspecified,No,Male,63,61-75,2025,cached_demo
ATORVASTATIN-00532,atorvastatin,Other/unspecified,No,Female,72,61-75,2026,cached_demo
ATORVASTATIN-00533,atorvastatin,Other/unspecified,No,Unknown,56,46-60,2022,cached_demo
ATORVASTATIN-00534,atorvastatin,Other/unspecified,Yes,Male,90,76-90,2023,cached_demo
ATORVASTATIN-00535,atorvastatin,Other/unspecified,No,Unknown,60,46-60,2026,cached_demo
ATORVASTATIN-00536,atorvastatin,Other/unspecified,No,Male,68,61-75,2025,cached_demo
ATORVASTATIN-00537,atorvastatin,Other/unspecified,No,Female,26,18-30,2023,cached_demo
ATORVASTATIN-00538,atorvastatin,Other/unspecified,Yes,Female,78,76-90,2026,cached_demo
ATORVASTATIN-00539,atorvastatin,Other/unspecified,No,Female,75,61-75,2022,cached_demo
ATORVASTATIN-00540,atorvastatin,Other/unspecified,Yes,Unknown,39,31-45,2026,cached_demo
ATORVASTATIN-00541,atorvastatin,Other/unspecified,Yes,Unknown,40,31-45,2026,cached_demo
ATORVASTATIN-00542,atorvastatin,Other/unspecified,Yes,Male,80,76-90,2023,cached_demo
ATORVASTATIN-00543,atorvastatin,Other/unspecified,No,Female,26,18-30,2023,cached_demo
ATORVASTATIN-00544,atorvastatin,Other/unspecified,No,Unknown,47,46-60,2026,cached_demo
ATORVASTATIN-00545,atorvastatin,Other/unspecified,No,Male,26,18-30,2024,cached_demo
ATORVASTATIN-00546,atorvastatin,Other/unspecified,Yes,Male,84,76-90,2024,cached_demo
ATORVASTATIN-00547,atorvastatin,Other/unspecified,No,Male,70,61-75,2022,cached_demo
ATORVASTATIN-00548,atorvastatin,Other/unspecified,No,Female,34,31-45,2025,cached_demo
ATORVASTATIN-00549,atorvastatin,Other/unspecified,No,Male,26,18-30,2023,cached_demo
ATORVASTATIN-00550,atorvastatin,Other/unspecified,No,Female,44,31-45,2025,cached_demo
ATORVASTATIN-00551,atorvastatin,Other/unspecified,No,Unknown,38,31-45,2024,cached_demo
ATORVASTATIN-00552,atorvastatin,Other/unspecified,No,Unknown,43,31-45,2025,cached_demo
ATORVASTATIN-00553,atorvastatin,Other/unspecified,Yes,Male,53,46-60,2023,cached_demo
ATORVASTATIN-00554,atorvastatin,Other/unspecified,Yes,Female,75,61-75,2026,cached_demo
ATORVASTATIN-00555,atorvastatin,Other/unspecified,No,Female,49,46-60,2026,cached_demo
ATORVASTATIN-00556,atorvastatin,Other/unspecified,No,Female,80,76-90,2026,cached_demo
ATORVASTATIN-00557,atorvastatin,Other/unspecified,No,Male,23,18-30,2024,cached_demo
ATORVASTATIN-00558,atorvastatin,Other/unspecified,No,Unknown,76,76-90,2024,cached_demo
ATORVASTATIN-00559,atorvastatin,Other/unspecified,No,Male,68,61-75,2025,cached_demo
ATORVASTATIN-00560,atorvastatin,Other/unspecified,Yes,Unknown,49,46-60,2025,cached_demo
ATORVASTATIN-00561,atorvastatin,Other/unspecified,No,Unknown,76,76-90,2023,cached_demo
ATORVASTATIN-00562,atorvastatin,Other/unspecified,Yes,Female,90,76-90,2022,cached_demo
ATORVASTATIN-00563,atorvastatin,Other/unspecified,Yes,Female,48,46-60,2026,cached_demo
ATORVASTATIN-00564,atorvastatin,Other/unspecified,No,Male,55,46-60,2023,cached_demo
ATORVASTATIN-00565,atorvastatin,Other/unspecified,No,Unknown,81,76-90,2022,cached_demo
ATORVASTATIN-00566,atorvastatin,Other/unspecified,Yes,Male,65,61-75,2026,cached_demo
ATORVASTATIN-00567,atorvastatin,Other/unspecified,No,Female,59,46-60,2023,cached_demo
ATORVASTATIN-00568,atorvastatin,Other/unspecified,Yes,Unknown,50,46-60,2022,cached_demo
ATORVASTATIN-00569,atorvastatin,Other/unspecified,Yes,Male,77,76-90,2025,cached_demo
ATORVASTATIN-00570,atorvastatin,Other/unspecified,No,Unknown,66,61-75,2025,cached_demo
ATORVASTATIN-00571,atorvastatin,Other/unspecified,No,Male,42,31-45,2022,cached_demo
ATORVASTATIN-00572,atorvastatin,Other/unspecified,Yes,Unknown,50,46-60,2023,cached_demo
ATORVASTATIN-00573,atorvastatin,Other/unspecified,No,Unknown,59,46-60,2025,cached_demo
ATORVASTATIN-00574,atorvastatin,Other/unspecified,No,Male,80,76-90,2022,cached_demo
ATORVASTATIN-00575,atorvastatin,Other/unspecified,No,Male,88,76-90,2025,cached_demo
ATORVASTATIN-00576,atorvastatin,Other/unspecified,No,Female,35,31-45,2023,cached_demo
ATORVASTATIN-00577,atorvastatin,Other/unspecified,Yes,Unknown,39,31-45,2022,cached_demo
ATORVASTATIN-00578,atorvastatin,Other/unspecified,No,Male,40,31-45,2026,cached_demo
ATORVASTATIN-00579,atorvastatin,Other/unspecified,Yes,Male,68,61-75,2022,cached_demo
ATORVASTATIN-00580,atorvastatin,Other/unspecified,Yes,Female,52,46-60,2024,cached_demo
ATORVASTATIN-00581,atorvastatin,Other/unspecified,Yes,Unknown,40,31-45,2022,cached_demo
ATORVASTATIN-00582,atorvastatin,Other/unspecified,Yes,Female,86,76-90,2022,cached_demo
ATORVASTATIN-00583,atorvastatin,Other/unspecified,No,Unknown,84,76-90,2022,cached_demo
ATORVASTATIN-00584,atorvastatin,Other/unspecified,No,Female,67,61-75,2025,cached_demo
ATORVASTATIN-00585,atorvastatin,Other/unspecified,No,Male,24,18-30,2022,cached_demo
ATORVASTATIN-00586,atorvastatin,Other/unspecified,Yes,Male,66,61-75,2024,cached_demo
ATORVASTATIN-00587,atorvastatin,Other/unspecified,Yes,Male,48,46-60,2022,cached_demo
ATORVASTATIN-00588,atorvastatin,Other/unspecified,Yes,Male,71,61-75,2024,cached_demo
ATORVASTATIN-00589,atorvastatin,Other/unspecified,No,Unknown,42,31-45,2022,cached_demo
ATORVASTATIN-00590,atorvastatin,Other/unspecified,Yes,Unknown,46,46-60,2023,cached_demo
ATORVASTATIN-00591,atorvastatin,Other/unspecified,Yes,Female,39,31-45,2026,cached_demo
ATORVASTATIN-00592,atorvastatin,Other/unspecified,No,Female,31,31-45,2026,cached_demo
ATORVASTATIN-00593,atorvastatin,Other/unspecified,No,Male,42,31-45,2026,cached_demo
ATORVASTATIN-00594,atorvastatin,Other/unspecified,No,Male,68,61-75,2023,cached_demo
ATORVASTATIN-00595,atorvastatin,Other/unspecified,Yes,Female,45,31-45,2024,cached_demo
ATORVASTATIN-00596,atorvastatin,Other/unspecified,Yes,Female,40,31-45,2024,cached_demo
ATORVASTATIN-00597,atorvastatin,Other/unspecified,No,Male,19,18-30,2025,cached_demo
ATORVASTATIN-00598,atorvastatin,Other/unspecified,Yes,Unknown,46,46-60,2024,cached_demo
ATORVASTATIN-00599,atorvastatin,Other/unspecified,Yes,Male,65,61-75,2023,cached_demo
ATORVASTATIN-00600,atorvastatin,Other/unspecified,No,Unknown,70,61-75,2025,cached_demo
ATORVASTATIN-00601,atorvastatin,Other/unspecified,No,Unknown,31,31-45,2026,cached_demo
ATORVASTATIN-00602,atorvastatin,Other/unspecified,No,Male,39,31-45,2026,cached_demo
ATORVASTATIN-00603,atorvastatin,Other/unspecified,No,Unknown,59,46-60,2025,cached_demo
ATORVASTATIN-00604,atorvastatin,Other/unspecified,No,Male,35,31-45,2024,cached_demo
ATORVASTATIN-00605,atorvastatin,Other/unspecified,Yes,Female,79,76-90,2022,cached_demo
ATORVASTATIN-00606,atorvastatin,Other/unspecified,No,Unknown,75,61-75,2023,cached_demo
ATORVASTATIN-00607,atorvastatin,Other/unspecified,No,Unknown,82,76-90,2022,cached_demo
ATORVASTATIN-00608,atorvastatin,Other/unspecified,Yes,Unknown,47,46-60,2022,cached_demo
ATORVASTATIN-00609,atorvastatin,Other/unspecified,Yes,Unknown,57,46-60,2025,cached_demo
ATORVASTATIN-00610,atorvastatin,Other/unspecified,No,Male,49,46-60,2022,cached_demo
ATORVASTATIN-00611,atorvastatin,Other/unspecified,No,Female,35,31-45,2024,cached_demo
ATORVASTATIN-00612,atorvastatin,Other/unspecified,Yes,Female,43,31-45,2023,cached_demo
ATORVASTATIN-00613,atorvastatin,Other/unspecified,Yes,Unknown,22,18-30,2026,cached_demo
ATORVASTATIN-00614,atorvastatin,Other/unspecified,No,Female,74,61-75,2023,cached_demo
ATORVASTATIN-00615,atorvastatin,Other/unspecified,No,Unknown,53,46-60,2022,cached_demo
ATORVASTATIN-00616,atorvastatin,Other/unspecified,No,Unknown,84,76-90,2024,cached_demo
ATORVASTATIN-00617,atorvastatin,Other/unspecified,Yes,Unknown,21,18-30,2024,cached_demo
ATORVASTATIN-00618,atorvastatin,Other/unspecified,Yes,Male,61,61-75,2026,cached_demo
ATORVASTATIN-00619,atorvastatin,Other/unspecified,No,Male,24,18-30,2023,cached_demo
ATORVASTATIN-00620,atorvastatin,Other/unspecified,No,Female,66,61-75,2023,cached_demo
ATORVASTATIN-00621,atorvastatin,Other/unspecified,No,Male,74,61-75,2022,cached_demo
ATORVASTATIN-00622,atorvastatin,Other/unspecified,Yes,Male,80,76-90,2022,cached_demo
ATORVASTATIN-00623,atorvastatin,Other/unspecified,Yes,Male,36,31-45,2022,cached_demo
ATORVASTATIN-00624,atorvastatin,Other/unspecified,No,Unknown,40,31-45,2023,cached_demo
ATORVASTATIN-00625,atorvastatin,Other/unspecified,No,Male,48,46-60,2025,cached_demo
ATORVASTATIN-00626,atorvastatin,Other/unspecified,No,Male,77,76-90,2023,cached_demo
ATORVASTATIN-00627,atorvastatin,Other/unspecified,No,Male,49,46-60,2026,cached_demo
ATORVASTATIN-00628,atorvastatin,Other/unspecified,No,Female,49,46-60,2026,cached_demo
ATORVASTATIN-00629,atorvastatin,Other/unspecified,No,Male,75,61-75,2024,cached_demo
ATORVASTATIN-00630,atorvastatin,Other/unspecified,Yes,Female,79,76-90,2025,cached_demo
ATORVASTATIN-00631,atorvastatin,Other/unspecified,Yes,Female,66,61-75,2025,cached_demo
ATORVASTATIN-00632,atorvastatin,Other/unspecified,No,Unknown,72,61-75,2025,cached_demo
ATORVASTATIN-00633,atorvastatin,Other/unspecified,No,Male,37,31-45,2025,cached_demo
ATORVASTATIN-00634,atorvastatin,Other/unspecified,Yes,Female,72,61-75,2026,cached_demo
ATORVASTATIN-00635,atorvastatin,Other/unspecified,Yes,Unknown,86,76-90,2023,cached_demo
ATORVASTATIN-00636,atorvastatin,Other/unspecified,No,Female,50,46-60,2024,cached_demo
ATORVASTATIN-00637,atorvastatin,Other/unspecified,No,Female,76,76-90,2026,cached_demo
ATORVASTATIN-00638,atorvastatin,Other/unspecified,Yes,Female,79,76-90,2023,cached_demo
ATORVASTATIN-00639,atorvastatin,Other/unspecified,Yes,Male,78,76-90,2023,cached_demo
ATORVASTATIN-00640,atorvastatin,Other/unspecified,Yes,Unknown,18,18-30,2024,cached_demo
ATORVASTATIN-00641,atorvastatin,Other/unspecified,No,Female,80,76-90,2025,cached_demo
ATORVASTATIN-00642,atorvastatin,Other/unspecified,No,Female,65,61-75,2024,cached_demo
ATORVASTATIN-00643,atorvastatin,Other/unspecified,No,Male,27,18-30,2022,cached_demo
ATORVASTATIN-00644,atorvastatin,Other/unspecified,No,Male,67,61-75,2023,cached_demo
ATORVASTATIN-00645,atorvastatin,Other/unspecified,No,Unknown,73,61-75,2024,cached_demo
ATORVASTATIN-00646,atorvastatin,Other/unspecified,No,Female,83,76-90,2024,cached_demo
ATORVASTATIN-00647,atorvastatin,Other/unspecified,No,Female,25,18-30,2025,cached_demo
ATORVASTATIN-00648,atorvastatin,Other/unspecified,Yes,Female,49,46-60,2022,cached_demo
ATORVASTATIN-00649,atorvastatin,Other/unspecified,No,Unknown,64,61-75,2022,cached_demo
ATORVASTATIN-00650,atorvastatin,Other/unspecified,No,Unknown,36,31-45,2025,cached_demo
ATORVASTATIN-00651,atorvastatin,Other/unspecified,No,Male,36,31-45,2026,cached_demo
ATORVASTATIN-00652,atorvastatin,Other/unspecified,Yes,Male,38,31-45,2022,cached_demo
ATORVASTATIN-00653,atorvastatin,Other/unspecified,No,Unknown,67,61-75,2026,cached_demo
ATORVASTATIN-00654,atorvastatin,Other/unspecified,No,Male,28,18-30,2025,cached_demo
ATORVASTATIN-00655,atorvastatin,Other/unspecified,No,Female,39,31-45,2024,cached_demo
ATORVASTATIN-00656,atorvastatin,Other/unspecified,No,Unknown,82,76-90,2025,cached_demo
ATORVASTATIN-00657,atorvastatin,Other/unspecified,No,Female,57,46-60,2022,cached_demo
ATORVASTATIN-00658,atorvastatin,Other/unspecified,No,Unknown,31,31-45,2024,cached_demo
ATORVASTATIN-00659,atorvastatin,Other/unspecified,No,Unknown,36,31-45,2023,cached_demo
ATORVASTATIN-00660,atorvastatin,Other/unspecified,No,Female,68,61-75,2022,cached_demo
ATORVASTATIN-00661,atorvastatin,Other/unspecified,No,Male,39,31-45,2022,cached_demo
ATORVASTATIN-00662,atorvastatin,Other/unspecified,No,Female,26,18-30,2026,cached_demo
ATORVASTATIN-00663,atorvastatin,Other/unspecified,No,Female,71,61-75,2025,cached_demo
ATORVASTATIN-00664,atorvastatin,Other/unspecified,Yes,Female,39,31-45,2023,cached_demo
ATORVASTATIN-00665,atorvastatin,Other/unspecified,Yes,Female,35,31-45,2023,cached_demo
ATORVASTATIN-00666,atorvastatin,Other/unspecified,Yes,Female,82,76-90,2026,cached_demo
ATORVASTATIN-00667,atorvastatin,Other/unspecified,Yes,Male,45,31-45,2022,cached_demo
ATORVASTATIN-00668,atorvastatin,Other/unspecified,Yes,Female,41,31-45,2025,cached_demo
ATORVASTATIN-00669,atorvastatin,Other/unspecified,No,Unknown,74,61-75,2022,cached_demo
ATORVASTATIN-00670,atorvastatin,Other/unspecified,Yes,Female,39,31-45,2022,cached_demo
ATORVASTATIN-00671,atorvastatin,Other/unspecified,Yes,Female,66,61-75,2022,cached_demo
ATORVASTATIN-00672,atorvastatin,Other/unspecified,Yes,Unknown,61,61-75,2023,cached_demo
ATORVASTATIN-00673,atorvastatin,Other/unspecified,No,Unknown,79,76-90,2022,cached_demo
ATORVASTATIN-00674,atorvastatin,Other/unspecified,Yes,Female,19,18-30,2022,cached_demo
ATORVASTATIN-00675,atorvastatin,Other/unspecified,Yes,Male,23,18-30,2026,cached_demo
ATORVASTATIN-00676,atorvastatin,Other/unspecified,No,Unknown,18,18-30,2026,cached_demo
ATORVASTATIN-00677,atorvastatin,Other/unspecified,No,Female,52,46-60,2024,cached_demo
ATORVASTATIN-00678,atorvastatin,Other/unspecified,No,Female,72,61-75,2024,cached_demo
ATORVASTATIN-00679,atorvastatin,Other/unspecified,Yes,Female,58,46-60,2025,cached_demo
ATORVASTATIN-00680,atorvastatin,Other/unspecified,No,Male,66,61-75,2024,cached_demo
ATORVASTATIN-00681,atorvastatin,Other/unspecified,Yes,Male,60,46-60,2025,cached_demo
ATORVASTATIN-00682,atorvastatin,Other/unspecified,No,Male,69,61-75,2022,cached_demo
ATORVASTATIN-00683,atorvastatin,Other/unspecified,No,Female,33,31-45,2023,cached_demo
ATORVASTATIN-00684,atorvastatin,Other/unspecified,No,Unknown,65,61-75,2025,cached_demo
ATORVASTATIN-00685,atorvastatin,Other/unspecified,No,Unknown,83,76-90,2023,cached_demo
ATORVASTATIN-00686,atorvastatin,Other/unspecified,No,Female,18,18-30,2022,cached_demo
ATORVASTATIN-00687,atorvastatin,Other/unspecified,Yes,Unknown,64,61-75,2024,cached_demo
ATORVASTATIN-00688,atorvastatin,Other/unspecified,Yes,Unknown,74,61-75,2025,cached_demo
ATORVASTATIN-00689,atorvastatin,Other/unspecified,No,Unknown,69,61-75,2022,cached_demo
ATORVASTATIN-00690,atorvastatin,Other/unspecified,No,Female,62,61-75,2022,cached_demo
ATORVASTATIN-00691,atorvastatin,Other/unspecified,No,Unknown,67,61-75,2023,cached_demo
ATORVASTATIN-00692,atorvastatin,Other/unspecified,No,Unknown,36,31-45,2026,cached_demo
ATORVASTATIN-00693,atorvastatin,Other/unspecified,Yes,Female,22,18-30,2022,cached_demo
ATORVASTATIN-00694,atorvastatin,Other/unspecified,No,Unknown,56,46-60,2025,cached_demo
ATORVASTATIN-00695,atorvastatin,Other/unspecified,No,Male,39,31-45,2025,cached_demo
ATORVASTATIN-00696,atorvastatin,Other/unspecified,Yes,Male,87,76-90,2023,cached_demo
ATORVASTATIN-00697,atorvastatin,Other/unspecified,No,Unknown,39,31-45,2022,cached_demo
ATORVASTATIN-00698,atorvastatin,Other/unspecified,No,Unknown,31,31-45,2022,cached_demo
ATORVASTATIN-00699,atorvastatin,Other/unspecified,No,Female,38,31-45,2024,cached_demo
ATORVASTATIN-00700,atorvastatin,Other/unspecified,No,Female,46,46-60,2025,cached_demo
ATORVASTATIN-00701,atorvastatin,Other/unspecified,No,Male,33,31-45,2026,cached_demo
ATORVASTATIN-00702,atorvastatin,Other/unspecified,Yes,Unknown,80,76-90,2024,cached_demo
ATORVASTATIN-00703,atorvastatin,Other/unspecified,No,Unknown,46,46-60,2022,cached_demo
ATORVASTATIN-00704,atorvastatin,Other/unspecified,No,Unknown,61,61-75,2025,cached_demo
ATORVASTATIN-00705,atorvastatin,Other/unspecified,No,Male,89,76-90,2023,cached_demo
ATORVASTATIN-00706,atorvastatin,Other/unspecified,Yes,Female,51,46-60,2022,cached_demo
ATORVASTATIN-00707,atorvastatin,Other/unspecified,Yes,Female,32,31-45,2026,cached_demo
ATORVASTATIN-00708,atorvastatin,Other/unspecified,No,Male,42,31-45,2026,cached_demo
ATORVASTATIN-00709,atorvastatin,Other/unspecified,Yes,Female,65,61-75,2025,cached_demo
ATORVASTATIN-00710,atorvastatin,Other/unspecified,No,Male,18,18-30,2026,cached_demo
ATORVASTATIN-00711,atorvastatin,Other/unspecified,Yes,Female,86,76-90,2025,cached_demo
ATORVASTATIN-00712,atorvastatin,Other/unspecified,No,Unknown,58,46-60,2023,cached_demo
ATORVASTATIN-00713,atorvastatin,Other/unspecified,No,Unknown,84,76-90,2026,cached_demo
ATORVASTATIN-00714,atorvastatin,Other/unspecified,Yes,Female,46,46-60,2022,cached_demo
ATORVASTATIN-00715,atorvastatin,Other/unspecified,No,Female,86,76-90,2023,cached_demo
ATORVASTATIN-00716,atorvastatin,Other/unspecified,Yes,Female,55,46-60,2025,cached_demo
ATORVASTATIN-00717,atorvastatin,Other/unspecified,No,Female,36,31-45,2023,cached_demo
ATORVASTATIN-00718,atorvastatin,Other/unspecified,No,Female,22,18-30,2024,cached_demo
ATORVASTATIN-00719,atorvastatin,Other/unspecified,No,Male,82,76-90,2024,cached_demo
ATORVASTATIN-00720,atorvastatin,Other/unspecified,No,Male,79,76-90,2025,cached_demo
ATORVASTATIN-00721,atorvastatin,Other/unspecified,No,Female,55,46-60,2022,cached_demo
ATORVASTATIN-00722,atorvastatin,Other/unspecified,Yes,Unknown,60,46-60,2023,cached_demo
ATORVASTATIN-00723,atorvastatin,Other/unspecified,No,Unknown,46,46-60,2022,cached_demo
ATORVASTATIN-00724,atorvastatin,Other/unspecified,No,Unknown,40,31-45,2025,cached_demo
ATORVASTATIN-00725,atorvastatin,Other/unspecified,No,Male,56,46-60,2022,cached_demo
ATORVASTATIN-00726,atorvastatin,Other/unspecified,No,Female,88,76-90,2025,cached_demo
ATORVASTATIN-00727,atorvastatin,Other/unspecified,No,Female,78,76-90,2025,cached_demo
ATORVASTATIN-00728,atorvastatin,Other/unspecified,No,Unknown,27,18-30,2024,cached_demo
ATORVASTATIN-00729,atorvastatin,Other/unspecified,No,Male,54,46-60,2026,cached_demo
ATORVASTATIN-00730,atorvastatin,Other/unspecified,Yes,Male,68,61-75,2024,cached_demo
ATORVASTATIN-00731,atorvastatin,Other/unspecified,No,Female,24,18-30,2025,cached_demo
ATORVASTATIN-00732,atorvastatin,Other/unspecified,No,Male,38,31-45,2025,cached_demo
ATORVASTATIN-00733,atorvastatin,Other/unspecified,No,Male,79,76-90,2023,cached_demo
ATORVASTATIN-00734,atorvastatin,Other/unspecified,No,Male,45,31-45,2022,cached_demo
ATORVASTATIN-00735,atorvastatin,Other/unspecified,No,Unknown,64,61-75,2022,cached_demo
ATORVASTATIN-00736,atorvastatin,Other/unspecified,No,Female,36,31-45,2023,cached_demo
ATORVASTATIN-00737,atorvastatin,Other/unspecified,Yes,Female,25,18-30,2025,cached_demo
ATORVASTATIN-00738,atorvastatin,Other/unspecified,Yes,Male,40,31-45,2026,cached_demo
ATORVASTATIN-00739,atorvastatin,Other/unspecified,No,Female,61,61-75,2023,cached_demo
ATORVASTATIN-00740,atorvastatin,Other/unspecified,Yes,Male,69,61-75,2022,cached_demo
ATORVASTATIN-00741,atorvastatin,Other/unspecified,No,Female,48,46-60,2024,cached_demo
ATORVASTATIN-00742,atorvastatin,Other/unspecified,No,Unknown,40,31-45,2025,cached_demo
ATORVASTATIN-00743,atorvastatin,Other/unspecified,No,Unknown,29,18-30,2025,cached_demo
ATORVASTATIN-00744,atorvastatin,Other/unspecified,No,Unknown,53,46-60,2025,cached_demo
ATORVASTATIN-00745,atorvastatin,Other/unspecified,Yes,Male,65,61-75,2022,cached_demo
ATORVASTATIN-00746,atorvastatin,Other/unspecified,Yes,Female,28,18-30,2026,cached_demo
ATORVASTATIN-00747,atorvastatin,Other/unspecified,Yes,Unknown,46,46-60,2026,cached_demo
ATORVASTATIN-00748,atorvastatin,Other/unspecified,No,Unknown,79,76-90,2022,cached_demo
ATORVASTATIN-00749,atorvastatin,Other/unspecified,No,Female,41,31-45,2025,cached_demo
ATORVASTATIN-00750,atorvastatin,Other/unspecified,No,Male,56,46-60,2022,cached_demo
ATORVASTATIN-00751,atorvastatin,Other/unspecified,Yes,Unknown,59,46-60,2026,cached_demo
ATORVASTATIN-00752,atorvastatin,Other/unspecified,No,Unknown,41,31-45,2022,cached_demo
ATORVASTATIN-00753,atorvastatin,Other/unspecified,No,Unknown,68,61-75,2026,cached_demo
ATORVASTATIN-00754,atorvastatin,Other/unspecified,Yes,Unknown,80,76-90,2026,cached_demo
ATORVASTATIN-00755,atorvastatin,Other/unspecified,No,Unknown,86,76-90,2022,cached_demo
ATORVASTATIN-00756,atorvastatin,Other/unspecified,No,Male,44,31-45,2023,cached_demo
ATORVASTATIN-00757,atorvastatin,Other/unspecified,Yes,Unknown,41,31-45,2025,cached_demo
ATORVASTATIN-00758,atorvastatin,Other/unspecified,Yes,Male,58,46-60,2023,cached_demo
ATORVASTATIN-00759,atorvastatin,Other/unspecified,No,Male,44,31-45,2022,cached_demo
ATORVASTATIN-00760,atorvastatin,Other/unspecified,No,Male,89,76-90,2022,cached_demo
ATORVASTATIN-00761,atorvastatin,Other/unspecified,No,Female,33,31-45,2024,cached_demo
ATORVASTATIN-00762,atorvastatin,Other/unspecified,Yes,Female,87,76-90,2022,cached_demo
ATORVASTATIN-00763,atorvastatin,Other/unspecified,No,Male,49,46-60,2026,cached_demo
ATORVASTATIN-00764,atorvastatin,Other/unspecified,No,Unknown,55,46-60,2025,cached_demo
ATORVASTATIN-00765,atorvastatin,Other/unspecified,No,Female,35,31-45,2024,cached_demo
ATORVASTATIN-00766,atorvastatin,Other/unspecified,No,Unknown,84,76-90,2026,cached_demo
ATORVASTATIN-00767,atorvastatin,Other/unspecified,Yes,Unknown,83,76-90,2022,cached_demo
ATORVASTATIN-00768,atorvastatin,Other/unspecified,Yes,Male,23,18-30,2023,cached_demo
ATORVASTATIN-00769,atorvastatin,Other/unspecified,No,Male,36,31-45,2023,cached_demo
ATORVASTATIN-00770,atorvastatin,Other/unspecified,Yes,Unknown,88,76-90,2024,cached_demo
ATORVASTATIN-00771,atorvastatin,Other/unspecified,Yes,Unknown,53,46-60,2026,cached_demo
ATORVASTATIN-00772,atorvastatin,Other/unspecified,Yes,Unknown,72,61-75,2024,cached_demo
ATORVASTATIN-00773,atorvastatin,Other/unspecified,No,Unknown,51,46-60,2023,cached_demo
ATORVASTATIN-00774,atorvastatin,Other/unspecified,No,Male,69,61-75,2024,cached_demo
ATORVASTATIN-00775,atorvastatin,Other/unspecified,No,Male,72,61-75,2026,cached_demo
ATORVASTATIN-00776,atorvastatin,Other/unspecified,Yes,Unknown,44,31-45,2024,cached_demo
ATORVASTATIN-00777,atorvastatin,Other/unspecified,No,Female,42,31-45,2026,cached_demo
ATORVASTATIN-00778,atorvastatin,Other/unspecified,No,Male,83,76-90,2025,cached_demo
ATORVASTATIN-00779,atorvastatin,Other/unspecified,No,Female,37,31-45,2025,cached_demo
ATORVASTATIN-00780,atorvastatin,Other/unspecified,No,Male,21,18-30,2022,cached_demo
ATORVASTATIN-00781,atorvastatin,Other/unspecified,Yes,Unknown,52,46-60,2022,cached_demo
ATORVASTATIN-00782,atorvastatin,Other/unspecified,No,Male,88,76-90,2024,cached_demo
ATORVASTATIN-00783,atorvastatin,Other/unspecified,No,Female,29,18-30,2024,cached_demo
ATORVASTATIN-00784,atorvastatin,Other/unspecified,Yes,Female,36,31-45,2022,cached_demo
ATORVASTATIN-00785,atorvastatin,Other/unspecified,No,Male,30,18-30,2025,cached_demo
ATORVASTATIN-00786,atorvastatin,Other/unspecified,Yes,Male,31,31-45,2026,cached_demo
ATORVASTATIN-00787,atorvastatin,Other/unspecified,No,Female,57,46-60,2022,cached_demo
ATORVASTATIN-00788,atorvastatin,Other/unspecified,No,Unknown,85,76-90,2026,cached_demo
ATORVASTATIN-00789,atorvastatin,Other/unspecified,No,Female,54,46-60,2026,cached_demo
ATORVASTATIN-00790,atorvastatin,Other/unspecified,Yes,Male,30,18-30,2024,cached_demo
ATORVASTATIN-00791,atorvastatin,Other/unspecified,Yes,Female,67,61-75,2026,cached_demo
ATORVASTATIN-00792,atorvastatin,Other/unspecified,No,Female,88,76-90,2025,cached_demo
ATORVASTATIN-00793,atorvastatin,Other/unspecified,No,Male,34,31-45,2026,cached_demo
ATORVASTATIN-00794,atorvastatin,Other/unspecified,No,Male,37,31-45,2023,cached_demo
ATORVASTATIN-00795,atorvastatin,Other/unspecified,No,Unknown,66,61-75,2024,cached_demo
ATORVASTATIN-00796,atorvastatin,Other/unspecified,No,Unknown,24,18-30,2024,cached_demo
ATORVASTATIN-00797,atorvastatin,Other/unspecified,No,Unknown,49,46-60,2025,cached_demo
ATORVASTATIN-00798,atorvastatin,Other/unspecified,Yes,Female,76,76-90,2024,cached_demo
ATORVASTATIN-00799,atorvastatin,Other/unspecified,No,Female,77,76-90,2024,cached_demo
ATORVASTATIN-00800,atorvastatin,Other/unspecified,No,Unknown,72,61-75,2023,cached_demo
ATORVASTATIN-00801,atorvastatin,Other/unspecified,No,Male,57,46-60,2024,cached_demo
ATORVASTATIN-00802,atorvastatin,Other/unspecified,No,Male,70,61-75,2022,cached_demo
ATORVASTATIN-00803,atorvastatin,Other/unspecified,No,Male,27,18-30,2022,cached_demo
ATORVASTATIN-00804,atorvastatin,Other/unspecified,No,Male,39,31-45,2022,cached_demo
ATORVASTATIN-00805,atorvastatin,Other/unspecified,No,Female,54,46-60,2022,cached_demo
ATORVASTATIN-00806,atorvastatin,Other/unspecified,No,Unknown,72,61-75,2023,cached_demo
ATORVASTATIN-00807,atorvastatin,Other/unspecified,No,Unknown,79,76-90,2026,cached_demo
ATORVASTATIN-00808,atorvastatin,Other/unspecified,No,Male,33,31-45,2026,cached_demo
ATORVASTATIN-00809,atorvastatin,Other/unspecified,No,Male,42,31-45,2025,cached_demo
ATORVASTATIN-00810,atorvastatin,Other/unspecified,No,Female,86,76-90,2023,cached_demo
ATORVASTATIN-00811,atorvastatin,Other/unspecified,No,Unknown,85,76-90,2022,cached_demo
ATORVASTATIN-00812,atorvastatin,Other/unspecified,Yes,Unknown,75,61-75,2026,cached_demo
ATORVASTATIN-00813,atorvastatin,Other/unspecified,Yes,Male,46,46-60,2024,cached_demo
ATORVASTATIN-00814,atorvastatin,Other/unspecified,No,Female,35,31-45,2022,cached_demo
ATORVASTATIN-00815,atorvastatin,Other/unspecified,No,Female,72,61-75,2023,cached_demo
ATORVASTATIN-00816,atorvastatin,Other/unspecified,Yes,Female,65,61-75,2023,cached_demo
ATORVASTATIN-00817,atorvastatin,Other/unspecified,Yes,Female,87,76-90,2024,cached_demo
ATORVASTATIN-00818,atorvastatin,Other/unspecified,No,Female,79,76-90,2023,cached_demo
ATORVASTATIN-00819,atorvastatin,Other/unspecified,No,Unknown,18,18-30,2026,cached_demo
ATORVASTATIN-00820,atorvastatin,Other/unspecified,Yes,Female,68,61-75,2026,cached_demo
ATORVASTATIN-00821,atorvastatin,Other/unspecified,No,Unknown,22,18-30,2025,cached_demo
ATORVASTATIN-00822,atorvastatin,Other/unspecified,No,Male,25,18-30,2026,cached_demo
ATORVASTATIN-00823,atorvastatin,Other/unspecified,No,Female,76,76-90,2024,cached_demo
ATORVASTATIN-00824,atorvastatin,Other/unspecified,Yes,Female,31,31-45,2023,cached_demo
ATORVASTATIN-00825,atorvastatin,Other/unspecified,No,Male,69,61-75,2022,cached_demo
ATORVASTATIN-00826,atorvastatin,Other/unspecified,No,Male,73,61-75,2022,cached_demo
ATORVASTATIN-00827,atorvastatin,Other/unspecified,No,Male,85,76-90,2025,cached_demo
ATORVASTATIN-00828,atorvastatin,Other/unspecified,No,Male,33,31-45,2023,cached_demo
ATORVASTATIN-00829,atorvastatin,Other/unspecified,Yes,Female,50,46-60,2025,cached_demo
ATORVASTATIN-00830,atorvastatin,Other/unspecified,No,Female,65,61-75,2025,cached_demo
ATORVASTATIN-00831,atorvastatin,Other/unspecified,No,Female,41,31-45,2022,cached_demo
ATORVASTATIN-00832,atorvastatin,Other/unspecified,No,Female,74,61-75,2023,cached_demo
ATORVASTATIN-00833,atorvastatin,Other/unspecified,No,Unknown,35,31-45,2025,cached_demo
ATORVASTATIN-00834,atorvastatin,Other/unspecified,No,Unknown,18,18-30,2023,cached_demo
ATORVASTATIN-00835,atorvastatin,Other/unspecified,Yes,Female,32,31-45,2022,cached_demo
ATORVASTATIN-00836,atorvastatin,Other/unspecified,No,Female,35,31-45,2024,cached_demo
ATORVASTATIN-00837,atorvastatin,Other/unspecified,Yes,Unknown,22,18-30,2023,cached_demo
ATORVASTATIN-00838,atorvastatin,Other/unspecified,No,Female,79,76-90,2022,cached_demo
ATORVASTATIN-00839,atorvastatin,Other/unspecified,No,Unknown,71,61-75,2025,cached_demo
ATORVASTATIN-00840,atorvastatin,Other/unspecified,No,Female,34,31-45,2026,cached_demo
ATORVASTATIN-00841,atorvastatin,Other/unspecified,Yes,Male,67,61-75,2022,cached_demo
ATORVASTATIN-00842,atorvastatin,Other/unspecified,Yes,Male,20,18-30,2024,cached_demo
ATORVASTATIN-00843,atorvastatin,Other/unspecified,Yes,Unknown,82,76-90,2023,cached_demo
ATORVASTATIN-00844,atorvastatin,Other/unspecified,No,Female,24,18-30,2025,cached_demo
ATORVASTATIN-00845,atorvastatin,Other/unspecified,No,Female,19,18-30,2024,cached_demo
ATORVASTATIN-00846,atorvastatin,Other/unspecified,No,Male,54,46-60,2025,cached_demo
ATORVASTATIN-00847,atorvastatin,Other/unspecified,No,Male,49,46-60,2026,cached_demo
ATORVASTATIN-00848,atorvastatin,Other/unspecified,Yes,Female,41,31-45,2022,cached_demo
ATORVASTATIN-00849,atorvastatin,Other/unspecified,No,Male,51,46-60,2025,cached_demo
ATORVASTATIN-00850,atorvastatin,Other/unspecified,No,Unknown,43,31-45,2022,cached_demo
ATORVASTATIN-00851,atorvastatin,Other/unspecified,No,Male,82,76-90,2023,cached_demo
ATORVASTATIN-00852,atorvastatin,Other/unspecified,Yes,Male,37,31-45,2023,cached_demo
ATORVASTATIN-00853,atorvastatin,Other/unspecified,Yes,Female,69,61-75,2023,cached_demo
ATORVASTATIN-00854,atorvastatin,Other/unspecified,No,Male,36,31-45,2026,cached_demo
ATORVASTATIN-00855,atorvastatin,Other/unspecified,Yes,Male,43,31-45,2025,cached_demo
ATORVASTATIN-00856,atorvastatin,Other/unspecified,No,Female,70,61-75,2023,cached_demo
ATORVASTATIN-00857,atorvastatin,Other/unspecified,No,Female,46,46-60,2025,cached_demo
ATORVASTATIN-00858,atorvastatin,Other/unspecified,No,Female,25,18-30,2022,cached_demo
ATORVASTATIN-00859,atorvastatin,Other/unspecified,Yes,Female,56,46-60,2024,cached_demo
ATORVASTATIN-00860,atorvastatin,Other/unspecified,No,Unknown,53,46-60,2025,cached_demo
ATORVASTATIN-00861,atorvastatin,Other/unspecified,No,Male,49,46-60,2023,cached_demo
ATORVASTATIN-00862,atorvastatin,Other/unspecified,Yes,Male,23,18-30,2024,cached_demo
ATORVASTATIN-00863,atorvastatin,Other/unspecified,No,Female,45,31-45,2024,cached_demo
ATORVASTATIN-00864,atorvastatin,Other/unspecified,No,Male,30,18-30,2024,cached_demo
ATORVASTATIN-00865,atorvastatin,Other/unspecified,No,Female,80,76-90,2024,cached_demo
ATORVASTATIN-00866,atorvastatin,Other/unspecified,Yes,Unknown,32,31-45,2022,cached_demo
ATORVASTATIN-00867,atorvastatin,Other/unspecified,Yes,Female,88,76-90,2024,cached_demo
ATORVASTATIN-00868,atorvastatin,Other/unspecified,No,Unknown,64,61-75,2026,cached_demo
ATORVASTATIN-00869,atorvastatin,Other/unspecified,Yes,Unknown,65,61-75,2024,cached_demo
ATORVASTATIN-00870,atorvastatin,Other/unspecified,No,Female,44,31-45,2022,cached_demo
ATORVASTATIN-00871,atorvastatin,Other/unspecified,Yes,Unknown,31,31-45,2026,cached_demo
ATORVASTATIN-00872,atorvastatin,Other/unspecified,Yes,Unknown,33,31-45,2023,cached_demo
ATORVASTATIN-00873,atorvastatin,Other/unspecified,No,Female,42,31-45,2022,cached_demo
ATORVASTATIN-00874,atorvastatin,Other/unspecified,No,Unknown,27,18-30,2024,cached_demo
ATORVASTATIN-00875,atorvastatin,Other/unspecified,No,Female,56,46-60,2023,cached_demo
ATORVASTATIN-00876,atorvastatin,Other/unspecified,No,Male,86,76-90,2022,cached_demo
ATORVASTATIN-00877,atorvastatin,Other/unspecified,Yes,Female,34,31-45,2026,cached_demo
ATORVASTATIN-00878,atorvastatin,Other/unspecified,No,Female,50,46-60,2024,cached_demo
ATORVASTATIN-00879,atorvastatin,Other/unspecified,No,Unknown,75,61-75,2022,cached_demo
ATORVASTATIN-00880,atorvastatin,Other/unspecified,Yes,Female,73,61-75,2025,cached_demo
ATORVASTATIN-00881,atorvastatin,Other/unspecified,No,Male,85,76-90,2023,cached_demo
ATORVASTATIN-00882,atorvastatin,Other/unspecified,No,Male,53,46-60,2024,cached_demo
ATORVASTATIN-00883,atorvastatin,Other/unspecified,No,Male,23,18-30,2023,cached_demo
ATORVASTATIN-00884,atorvastatin,Other/unspecified,No,Unknown,68,61-75,2026,cached_demo
ATORVASTATIN-00885,atorvastatin,Other/unspecified,Yes,Male,83,76-90,2025,cached_demo
ATORVASTATIN-00886,atorvastatin,Other/unspecified,No,Unknown,83,76-90,2025,cached_demo
ATORVASTATIN-00887,atorvastatin,Other/unspecified,No,Female,69,61-75,2023,cached_demo
ATORVASTATIN-00888,atorvastatin,Other/unspecified,Yes,Male,41,31-45,2026,cached_demo
ATORVASTATIN-00889,atorvastatin,Other/unspecified,No,Unknown,45,31-45,2022,cached_demo
ATORVASTATIN-00890,atorvastatin,Other/unspecified,No,Unknown,83,76-90,2026,cached_demo
ATORVASTATIN-00891,atorvastatin,Other/unspecified,No,Male,51,46-60,2024,cached_demo
ATORVASTATIN-00892,atorvastatin,Other/unspecified,No,Male,52,46-60,2023,cached_demo
ATORVASTATIN-00893,atorvastatin,Other/unspecified,Yes,Unknown,46,46-60,2023,cached_demo
ATORVASTATIN-00894,atorvastatin,Other/unspecified,Yes,Unknown,55,46-60,2023,cached_demo
ATORVASTATIN-00895,atorvastatin,Other/unspecified,Yes,Female,53,46-60,2022,cached_demo
ATORVASTATIN-00896,atorvastatin,Other/unspecified,Yes,Unknown,49,46-60,2022,cached_demo
ATORVASTATIN-00897,atorvastatin,Other/unspecified,No,Female,18,18-30,2026,cached_demo
ATORVASTATIN-00898,atorvastatin,Other/unspecified,No,Male,65,61-75,2026,cached_demo
ATORVASTATIN-00899,atorvastatin,Other/unspecified,No,Male,51,46-60,2025,cached_demo
ATORVASTATIN-00900,atorvastatin,Other/unspecified,No,Male,55,46-60,2022,cached_demo
ATORVASTATIN-00901,atorvastatin,Other/unspecified,Yes,Unknown,63,61-75,2024,cached_demo
ATORVASTATIN-00902,atorvastatin,Other/unspecified,No,Male,40,31-45,2026,cached_demo
ATORVASTATIN-00903,atorvastatin,Other/unspecified,No,Unknown,31,31-45,2025,cached_demo
ATORVASTATIN-00904,atorvastatin,Other/unspecified,No,Unknown,50,46-60,2026,cached_demo
ATORVASTATIN-00905,atorvastatin,Other/unspecified,Yes,Female,88,76-90,2023,cached_demo
ATORVASTATIN-00906,atorvastatin,Other/unspecified,No,Male,59,46-60,2026,cached_demo
ATORVASTATIN-00907,atorvastatin,Other/unspecified,Yes,Female,68,61-75,2023,cached_demo
ATORVASTATIN-00908,atorvastatin,Other/unspecified,No,Male,73,61-75,2025,cached_demo
ATORVASTATIN-00909,atorvastatin,Other/unspecified,No,Male,29,18-30,2025,cached_demo
ATORVASTATIN-00910,atorvastatin,Other/unspecified,Yes,Male,41,31-45,2026,cached_demo
ATORVASTATIN-00911,atorvastatin,Other/unspecified,No,Male,80,76-90,2024,cached_demo
ATORVASTATIN-00912,atorvastatin,Other/unspecified,No,Male,20,18-30,2023,cached_demo
ATORVASTATIN-00913,atorvastatin,Other/unspecified,No,Unknown,68,61-75,2023,cached_demo
ATORVASTATIN-00914,atorvastatin,Other/unspecified,Yes,Male,26,18-30,2025,cached_demo
ATORVASTATIN-00915,atorvastatin,Other/unspecified,No,Unknown,49,46-60,2025,cached_demo
ATORVASTATIN-00916,atorvastatin,Other/unspecified,No,Unknown,30,18-30,2023,cached_demo
ATORVASTATIN-00917,atorvastatin,Other/unspecified,No,Male,19,18-30,2025,cached_demo
ATORVASTATIN-00918,atorvastatin,Other/unspecified,Yes,Male,67,61-75,2022,cached_demo
ATORVASTATIN-00919,atorvastatin,Other/unspecified,Yes,Male,23,18-30,2022,cached_demo
ATORVASTATIN-00920,atorvastatin,Other/unspecified,Yes,Unknown,52,46-60,2026,cached_demo
ATORVASTATIN-00921,atorvastatin,Other/unspecified,Yes,Male,19,18-30,2026,cached_demo
ATORVASTATIN-00922,atorvastatin,Other/unspecified,No,Male,61,61-75,2023,cached_demo
ATORVASTATIN-00923,atorvastatin,Other/unspecified,No,Unknown,35,31-45,2025,cached_demo
ATORVASTATIN-00924,atorvastatin,Other/unspecified,No,Female,38,31-45,2025,cached_demo
ATORVASTATIN-00925,atorvastatin,Other/unspecified,Yes,Male,37,31-45,2026,cached_demo
ATORVASTATIN-00926,atorvastatin,Other/unspecified,No,Unknown,52,46-60,2022,cached_demo
ATORVASTATIN-00927,atorvastatin,Other/unspecified,Yes,Male,20,18-30,2026,cached_demo
ATORVASTATIN-00928,atorvastatin,Other/unspecified,Yes,Unknown,55,46-60,2025,cached_demo
ATORVASTATIN-00929,atorvastatin,Other/unspecified,Yes,Male,36,31-45,2022,cached_demo
ATORVASTATIN-00930,atorvastatin,Other/unspecified,No,Female,47,46-60,2023,cached_demo
ATORVASTATIN-00931,atorvastatin,Other/unspecified,No,Female,63,61-75,2023,cached_demo
ATORVASTATIN-00932,atorvastatin,Other/unspecified,No,Unknown,67,61-75,2022,cached_demo
ATORVASTATIN-00933,atorvastatin,Other/unspecified,Yes,Male,80,76-90,2023,cached_demo
ATORVASTATIN-00934,atorvastatin,Other/unspecified,No,Female,31,31-45,2022,cached_demo
ATORVASTATIN-00935,atorvastatin,Other/unspecified,Yes,Female,60,46-60,2022,cached_demo
ATORVASTATIN-00936,atorvastatin,Other/unspecified,No,Male,23,18-30,2023,cached_demo
ATORVASTATIN-00937,atorvastatin,Other/unspecified,No,Female,72,61-75,2026,cached_demo
ATORVASTATIN-00938,atorvastatin,Other/unspecified,No,Female,41,31-45,2023,cached_demo
ATORVASTATIN-00939,atorvastatin,Other/unspecified,No,Female,56,46-60,2024,cached_demo
ATORVASTATIN-00940,atorvastatin,Other/unspecified,No,Female,31,31-45,2024,cached_demo
ATORVASTATIN-00941,atorvastatin,Other/unspecified,No,Male,51,46-60,2022,cached_demo
ATORVASTATIN-00942,atorvastatin,Other/unspecified,No,Male,37,31-45,2024,cached_demo
ATORVASTATIN-00943,atorvastatin,Other/unspecified,No,Female,36,31-45,2025,cached_demo
ATORVASTATIN-00944,atorvastatin,Other/unspecified,Yes,Unknown,26,18-30,2025,cached_demo
ATORVASTATIN-00945,atorvastatin,Other/unspecified,Yes,Male,53,46-60,2024,cached_demo
ATORVASTATIN-00946,atorvastatin,Other/unspecified,Yes,Female,34,31-45,2024,cached_demo
ATORVASTATIN-00947,atorvastatin,Other/unspecified,No,Female,58,46-60,2025,cached_demo
ATORVASTATIN-00948,atorvastatin,Other/unspecified,No,Unknown,70,61-75,2024,cached_demo
ATORVASTATIN-00949,atorvastatin,Other/unspecified,No,Male,35,31-45,2025,cached_demo
ATORVASTATIN-00950,atorvastatin,Other/unspecified,No,Female,71,61-75,2026,cached_demo
ATORVASTATIN-00951,atorvastatin,Other/unspecified,No,Unknown,86,76-90,2026,cached_demo
ATORVASTATIN-00952,atorvastatin,Other/unspecified,No,Male,47,46-60,2026,cached_demo
ATORVASTATIN-00953,atorvastatin,Other/unspecified,No,Unknown,71,61-75,2023,cached_demo
ATORVASTATIN-00954,atorvastatin,Other/unspecified,Yes,Female,29,18-30,2022,cached_demo
ATORVASTATIN-00955,atorvastatin,Other/unspecified,Yes,Female,44,31-45,2026,cached_demo
ATORVASTATIN-00956,atorvastatin,Other/unspecified,Yes,Male,78,76-90,2022,cached_demo
ATORVASTATIN-00957,atorvastatin,Other/unspecified,No,Male,62,61-75,2024,cached_demo
ATORVASTATIN-00958,atorvastatin,Other/unspecified,Yes,Unknown,76,76-90,2025,cached_demo
ATORVASTATIN-00959,atorvastatin,Other/unspecified,Yes,Male,49,46-60,2022,cached_demo
ATORVASTATIN-00960,atorvastatin,Other/unspecified,Yes,Unknown,35,31-45,2023,cached_demo
ATORVASTATIN-00961,atorvastatin,Other/unspecified,No,Male,66,61-75,2025,cached_demo
ATORVASTATIN-00962,atorvastatin,Other/unspecified,Yes,Unknown,65,61-75,2022,cached_demo
ATORVASTATIN-00963,atorvastatin,Other/unspecified,No,Unknown,27,18-30,2023,cached_demo
ATORVASTATIN-00964,atorvastatin,Other/unspecified,Yes,Female,21,18-30,2023,cached_demo
ATORVASTATIN-00965,atorvastatin,Other/unspecified,Yes,Male,28,18-30,2022,cached_demo
ATORVASTATIN-00966,atorvastatin,Other/unspecified,No,Male,90,76-90,2023,cached_demo
ATORVASTATIN-00967,atorvastatin,Other/unspecified,No,Male,78,76-90,2026,cached_demo
ATORVASTATIN-00968,atorvastatin,Other/unspecified,No,Female,56,46-60,2024,cached_demo
ATORVASTATIN-00969,atorvastatin,Other/unspecified,No,Unknown,74,61-75,2022,cached_demo
ATORVASTATIN-00970,atorvastatin,Other/unspecified,Yes,Male,54,46-60,2022,cached_demo
ATORVASTATIN-00971,atorvastatin,Other/unspecified,No,Male,22,18-30,2026,cached_demo
ATORVASTATIN-00972,atorvastatin,Other/unspecified,Yes,Female,38,31-45,2025,cached_demo
ATORVASTATIN-00973,atorvastatin,Other/unspecified,No,Unknown,76,76-90,2024,cached_demo
ATORVASTATIN-00974,atorvastatin,Other/unspecified,No,Unknown,82,76-90,2023,cached_demo
ATORVASTATIN-00975,atorvastatin,Other/unspecified,Yes,Female,72,61-75,2022,cached_demo
ATORVASTATIN-00976,atorvastatin,Other/unspecified,No,Male,84,76-90,2023,cached_demo
ATORVASTATIN-00977,atorvastatin,Other/unspecified,No,Male,69,61-75,2023,cached_demo
ATORVASTATIN-00978,atorvastatin,Other/unspecified,Yes,Unknown,68,61-75,2026,cached_demo
ATORVASTATIN-00979,atorvastatin,Other/unspecified,No,Female,27,18-30,2025,cached_demo
ATORVASTATIN-00980,atorvastatin,Other/unspecified,No,Unknown,58,46-60,2025,cached_demo
ATORVASTATIN-00981,atorvastatin,Other/unspecified,Yes,Male,66,61-75,2024,cached_demo
ATORVASTATIN-00982,atorvastatin,Other/unspecified,Yes,Female,72,61-75,2022,cached_demo
ATORVASTATIN-00983,atorvastatin,Other/unspecified,Yes,Female,31,31-45,2026,cached_demo
ATORVASTATIN-00984,atorvastatin,Other/unspecified,Yes,Male,60,46-60,2024,cached_demo
ATORVASTATIN-00985,atorvastatin,Other/unspecified,No,Male,38,31-45,2022,cached_demo
ATORVASTATIN-00986,atorvastatin,Other/unspecified,No,Male,45,31-45,2024,cached_demo
ATORVASTATIN-00987,atorvastatin,Other/unspecified,No,Male,42,31-45,2022,cached_demo
ATORVASTATIN-00988,atorvastatin,Other/unspecified,No,Male,48,46-60,2026,cached_demo
ATORVASTATIN-00989,atorvastatin,Other/unspecified,Yes,Unknown,90,76-90,2025,cached_demo
ATORVASTATIN-00990,atorvastatin,Other/unspecified,Yes,Female,23,18-30,2022,cached_demo
ATORVASTATIN-00991,atorvastatin,Other/unspecified,Yes,Female,57,46-60,2024,cached_demo
ATORVASTATIN-00992,atorvastatin,Other/unspecified,No,Male,68,61-75,2024,cached_demo
ATORVASTATIN-00993,atorvastatin,Other/unspecified,No,Female,68,61-75,2023,cached_demo
ATORVASTATIN-00994,atorvastatin,Other/unspecified,No,Female,30,18-30,2026,cached_demo
ATORVASTATIN-00995,atorvastatin,Other/unspecified,No,Male,30,18-30,2022,cached_demo
ATORVASTATIN-00996,atorvastatin,Other/unspecified,No,Unknown,66,61-75,2022,cached_demo
ATORVASTATIN-00997,atorvastatin,Other/unspecified,Yes,Male,55,46-60,2025,cached_demo
ATORVASTATIN-00998,atorvastatin,Other/unspecified,No,Male,28,18-30,2023,cached_demo
ATORVASTATIN-00999,atorvastatin,Other/unspecified,No,Unknown,45,31-45,2023,cached_demo
ATORVASTATIN-01000,atorvastatin,Other/unspecified,No,Unknown,38,31-45,2026,cached_demo
